Salles;Date;Horaires_Début;Horaires_Fin;Code
A0-17;29/08/2023;14h30;18h30;
A0-17;30/08/2023;14h30;17h00;
A0-17;31/08/2023;09h00;12h00;
A0-17;31/08/2023;13h30;16h30;
A0-17;04/09/2023;13h30;15h30;BHSE308
A0-17;04/09/2023;15h30;17h30;BHSE308
A0-17;06/09/2023;08h00;10h00;BHSE305
A0-17;06/09/2023;10h00;12h00;BHSE305
A0-17;06/09/2023;13h30;15h30;BHSAE302
A0-17;06/09/2023;15h30;17h30;BHSAE302
A0-17;07/09/2023;08h00;10h00;BHSE302
A0-17;11/09/2023;08h00;10h00;MHSEPPP1
A0-17;11/09/2023;10h00;12h00;MHSEPPP1
A0-17;11/09/2023;13h30;15h30;BHSE310
A0-17;11/09/2023;15h30;17h30;BHSE310
A0-17;12/09/2023;08h00;10h00;MHSE1001
A0-17;12/09/2023;10h00;12h00;MHSE1001
A0-17;12/09/2023;13h30;15h30;MHSE1001
A0-17;12/09/2023;15h30;17h30;MHSE1001
A0-17;13/09/2023;13h30;15h30;BHSE608
A0-17;13/09/2023;15h30;17h30;BHSE608
A0-17;14/09/2023;08h00;10h00;MHSE1001
A0-17;14/09/2023;10h00;12h00;MHSE1001
A0-17;15/09/2023;10h00;12h00;
A0-17;18/09/2023;08h00;10h00;BHS601
A0-17;18/09/2023;10h00;12h00;BHS601
A0-17;18/09/2023;13h30;15h30;BHS601
A0-17;18/09/2023;15h30;17h30;BHS601
A0-17;19/09/2023;08h00;10h00;BHS601
A0-17;19/09/2023;10h00;12h00;BHS601
A0-17;19/09/2023;13h30;17h30;BHS601
A0-17;20/09/2023;08h00;12h00;BHS601
A0-17;20/09/2023;13h30;17h30;BHS601
A0-17;22/09/2023;10h00;12h00;V3219V3
A0-17;22/09/2023;13h30;15h30;BHS603
A0-17;22/09/2023;15h30;17h30;BHS603
A0-17;25/09/2023;08h00;10h00;BHS603
A0-17;25/09/2023;10h00;12h00;BHS603
A0-17;25/09/2023;13h30;15h30;BHS603
A0-17;25/09/2023;15h30;17h30;BHS603
A0-17;26/09/2023;08h00;10h00;MHSE1001
A0-17;26/09/2023;10h00;12h00;MHSE1001
A0-17;26/09/2023;13h30;15h30;MHSE1001
A0-17;26/09/2023;15h30;17h30;MHSE1001
A0-17;27/09/2023;13h30;15h30;BHSE608
A0-17;27/09/2023;15h30;17h30;BHSE608
A0-17;28/09/2023;08h00;10h00;BHS603
A0-17;28/09/2023;10h00;12h00;BHS603
A0-17;29/09/2023;08h00;10h00;BHSAE302
A0-17;29/09/2023;10h00;12h00;BHSAE302
A0-17;29/09/2023;13h30;15h30;BHSAE301
A0-17;29/09/2023;15h30;17h30;BHSAE301
A0-17;02/10/2023;13h30;15h30;BHS603
A0-17;02/10/2023;15h30;17h30;BHS603
A0-17;04/10/2023;08h00;10h00;BHS603
A0-17;04/10/2023;10h00;12h00;BHS603
A0-17;04/10/2023;13h30;15h30;BHSAE301
A0-17;04/10/2023;15h30;17h30;BHSAE301
A0-17;05/10/2023;08h00;10h00;BHSE504
A0-17;05/10/2023;10h00;12h00;BHSE504
A0-17;06/10/2023;08h00;10h00;BHSAE501
A0-17;06/10/2023;10h00;12h00;BHSAE501
A0-17;06/10/2023;13h30;15h30;BHSAE501
A0-17;06/10/2023;15h30;17h30;BHSAE501
A0-17;09/10/2023;08h00;10h00;BHS603
A0-17;09/10/2023;10h00;12h00;BHS603
A0-17;09/10/2023;13h30;15h30;BHS603
A0-17;09/10/2023;15h30;17h30;BHS603
A0-17;10/10/2023;08h00;10h00;BHSE501
A0-17;10/10/2023;10h00;12h00;BHSE501
A0-17;10/10/2023;13h30;15h30;BHSAE502
A0-17;10/10/2023;15h30;17h30;BHSAE502
A0-17;11/10/2023;08h00;10h00;BHSAE502
A0-17;11/10/2023;13h30;15h30;BHSAE301
A0-17;11/10/2023;15h30;17h30;BHSAE301
A0-17;12/10/2023;08h00;10h00;BHSAE502
A0-17;12/10/2023;10h00;12h00;BHSAE502
A0-17;13/10/2023;08h00;10h00;BHSAE502
A0-17;13/10/2023;10h00;12h00;BHSAE502
A0-17;13/10/2023;13h30;15h30;BHSAE502
A0-17;13/10/2023;15h30;17h30;BHSAE502
A0-17;16/10/2023;08h00;10h00;BHSE308
A0-17;16/10/2023;10h00;12h00;BHSE308
A0-17;17/10/2023;08h00;10h00;BHSE308
A0-17;17/10/2023;10h00;12h00;BHSE308
A0-17;17/10/2023;13h30;15h30;BHSE308
A0-17;17/10/2023;15h30;17h30;BHSE308
A0-17;18/10/2023;08h00;10h00;BHSE308
A0-17;18/10/2023;10h00;12h00;BHSE308
A0-17;18/10/2023;13h30;15h30;BHSE308
A0-17;18/10/2023;15h30;17h30;BHSE308
A0-17;19/10/2023;08h00;10h00;BHSAE502
A0-17;19/10/2023;10h00;12h00;BHSAE502
A0-17;20/10/2023;08h00;10h00;MHSE1004
A0-17;20/10/2023;10h00;12h00;MHSE1004
A0-17;23/10/2023;08h00;10h00;MHSE1004
A0-17;23/10/2023;13h30;15h30;MHSE1004
A0-17;24/10/2023;08h00;10h00;BHSE308
A0-17;24/10/2023;10h00;12h00;BHSE308
A0-17;25/10/2023;13h30;15h30;BHSAE301
A0-17;25/10/2023;15h30;17h30;BHSAE301
A0-17;27/10/2023;08h00;10h00;MHSE1004
A0-17;27/10/2023;10h00;12h00;MHSE1004
A0-17;27/10/2023;13h30;15h30;BHSE309
A0-17;07/11/2023;08h00;10h00;MHSSAE1
A0-17;07/11/2023;10h00;12h00;MHSSAE1
A0-17;08/11/2023;09h00;12h00;
A0-17;13/11/2023;08h00;10h00;BHSE304
A0-17;13/11/2023;10h00;12h00;BHSE304
A0-17;13/11/2023;13h30;15h30;BHSE304
A0-17;13/11/2023;15h30;17h30;BHSE304
A0-17;14/11/2023;08h00;12h00;BHSAE501
A0-17;14/11/2023;13h30;17h30;BHSAE501
A0-17;15/11/2023;08h00;12h00;BHSE503
A0-17;15/11/2023;13h30;15h30;BHSE503
A0-17;15/11/2023;15h30;17h30;BHSE503
A0-17;16/11/2023;08h00;10h00;BHSE507
A0-17;16/11/2023;10h00;12h00;BHSE507
A0-17;17/11/2023;10h00;12h00;BHSE502
A0-17;17/11/2023;13h30;15h30;BHSE305
A0-17;17/11/2023;15h30;17h30;BHSE305
A0-17;20/11/2023;08h00;10h00;BHSE304
A0-17;20/11/2023;10h00;12h00;BHSE304
A0-17;20/11/2023;13h30;17h30;BHSE304
A0-17;21/11/2023;13h30;17h30;MHSEPPP1
A0-17;22/11/2023;13h30;17h30;BHSAE603
A0-17;23/11/2023;08h00;10h00;BHSAE601
A0-17;23/11/2023;10h00;12h00;BHSAE601
A0-17;24/11/2023;13h30;17h30;BHSAE603
A0-17;27/11/2023;08h00;10h00;BHSE602
A0-17;27/11/2023;10h00;12h00;BHSE602
A0-17;27/11/2023;13h30;15h30;BHSE602
A0-17;27/11/2023;15h30;17h30;BHSE602
A0-17;29/11/2023;08h00;10h00;BHSE602
A0-17;29/11/2023;10h00;12h00;BHSE602
A0-17;29/11/2023;13h30;15h30;BHSE602
A0-17;29/11/2023;15h30;17h30;BHSE602
A0-17;01/12/2023;13h30;17h30;BHSAE603
A0-17;07/12/2023;08h00;10h00;BHSAE602
A0-17;07/12/2023;10h00;12h00;BHSAE602
A0-17;08/12/2023;10h00;12h00;BHSE505
A0-17;08/12/2023;13h30;15h30;BHSE505
A0-17;08/12/2023;15h30;17h30;BHSE505
A0-17;11/12/2023;08h00;10h00;BHSE505
A0-17;11/12/2023;10h00;12h00;BHSE505
A0-17;11/12/2023;13h30;15h30;BHSE505
A0-17;11/12/2023;15h30;17h30;BHSE505
A0-17;12/12/2023;10h00;12h00;BHSE505
A0-17;12/12/2023;13h30;15h30;BHSE505
A0-17;12/12/2023;15h30;17h30;BHSE505
A0-17;13/12/2023;08h00;10h00;BHSE505
A0-17;13/12/2023;10h00;12h00;BHSE505
A0-17;13/12/2023;13h30;15h30;BHSE505
A0-17;13/12/2023;15h30;17h30;BHSE505
A0-17;14/12/2023;08h00;10h00;BHSE505
A0-17;15/12/2023;10h00;12h00;V3219V3
A0-17;15/12/2023;13h30;17h30;BHSAE603
A0-17;19/12/2023;08h00;10h00;MHSE1318
A0-17;19/12/2023;10h00;12h00;MHSE1318
A0-17;08/01/2024;08h00;10h00;BHSE404
A0-17;08/01/2024;10h00;12h00;BHSE404
A0-17;08/01/2024;13h30;15h30;BHSE404
A0-17;08/01/2024;15h30;17h30;BHSE404
A0-17;15/01/2024;08h00;10h00;BHSE403
A0-17;15/01/2024;10h00;12h00;BHSE403
A0-17;15/01/2024;13h30;15h30;BHS602
A0-17;15/01/2024;15h30;17h30;BHS602
A0-17;16/01/2024;13h30;15h30;BHS605
A0-17;16/01/2024;15h30;17h30;BHS605
A0-17;17/01/2024;08h00;12h00;MHSAE201
A0-17;17/01/2024;13h30;17h30;MHSAE201
A0-17;18/01/2024;08h00;10h00;BHS605
A0-17;18/01/2024;10h00;12h00;BHS605
A0-17;19/01/2024;08h00;10h00;BHSE406
A0-17;19/01/2024;10h00;12h00;V32110V3
A0-17;22/01/2024;10h00;12h00;BHS605
A0-17;22/01/2024;13h30;15h30;BHS605
A0-17;22/01/2024;15h30;17h30;BHSE602
A0-17;23/01/2024;08h00;10h00;BHS605
A0-17;23/01/2024;10h00;12h00;BHS605
A0-17;24/01/2024;10h00;12h00;BHSE403
A0-17;24/01/2024;13h30;17h30;BHSAE603
A0-17;25/01/2024;08h00;10h00;BHS606
A0-17;25/01/2024;10h00;12h00;BHS606
A0-17;26/01/2024;13h30;15h30;BHSE607
A0-17;26/01/2024;15h30;17h30;BHSE607
A0-17;29/01/2024;10h00;12h00;BHSAE601
A0-17;30/01/2024;13h30;15h30;BHS606
A0-17;30/01/2024;15h30;17h30;BHS606
A0-17;31/01/2024;08h00;10h00;BHSAE601
A0-17;31/01/2024;10h00;12h00;BHSAE601
A0-17;31/01/2024;13h30;17h30;BHSAE603
A0-17;07/02/2024;13h30;17h30;BHSAE603
A0-17;08/02/2024;08h00;10h00;BHS606
A0-17;12/02/2024;13h30;15h30;BHS606
A0-17;12/02/2024;15h30;17h30;BHS606
A0-17;14/02/2024;08h00;10h00;BHS606
A0-17;14/02/2024;13h15;15h15;MHSE2007
A0-17;14/02/2024;15h30;17h30;MHSE2210
A0-17;16/02/2024;13h30;15h30;BHS606
A0-17;04/03/2024;08h00;12h00;
A0-17;04/03/2024;13h30;17h30;
A0-17;05/03/2024;08h00;12h00;
A0-17;05/03/2024;13h30;17h30;
A0-17;06/03/2024;10h00;12h00;MHSE2309
A0-17;08/03/2024;10h00;12h00;V32110V3
A0-17;11/03/2024;08h00;12h00;
A0-17;11/03/2024;13h30;17h30;
A0-17;12/03/2024;08h00;12h00;
A0-17;12/03/2024;13h30;17h30;
A0-17;13/03/2024;08h00;10h00;BHSAE401
A0-17;15/03/2024;08h00;12h00;
A0-17;15/03/2024;13h30;17h30;
A0-17;18/03/2024;08h00;10h00;MHSE2309
A0-17;22/03/2024;08h00;10h00;MHSE2004
A0-17;22/03/2024;10h00;12h00;MHSE2004
A0-17;02/04/2024;08h00;12h00;
A0-17;02/04/2024;13h30;17h30;
A0-17;03/04/2024;08h00;12h00;
A0-17;03/04/2024;13h30;17h30;
A0-17;04/04/2024;08h00;10h00;MHSE2210
A0-17;04/04/2024;10h00;12h00;MHSE2210
A0-17;08/04/2024;08h00;12h00;
A0-17;08/04/2024;13h30;17h30;
A0-17;09/04/2024;08h00;10h00;MHSE2001
A0-17;09/04/2024;10h00;12h00;MHSE2001
A0-17;09/04/2024;13h30;15h30;MHSE2001
A0-17;09/04/2024;15h30;17h30;MHSE2001
A0-17;12/04/2024;08h00;10h00;MHSE2001
A0-17;12/04/2024;10h00;12h00;MHSE2001
A0-17;12/04/2024;13h30;15h30;MHSE2001
A0-17;12/04/2024;15h30;17h30;MHSE2001
A0-17;30/04/2024;13h30;15h30;MHSE2210
A0-17;07/05/2024;09h00;12h00;MHSE2001
A0-17;15/05/2024;13h30;16h30;MHSE2001
A0-17;22/05/2024;09h00;12h00;MHSE2001
A0-17;22/05/2024;13h15;16h15;MHSE2001
A0-17;24/05/2024;10h00;12h00;V32110V3
A0-17;27/05/2024;08h00;12h00;
A0-17;27/05/2024;08h00;12h00;
A0-17;27/05/2024;13h30;17h30;
A0-17;28/05/2024;08h00;12h00;
A0-17;28/05/2024;13h30;17h30;
A0-17;03/06/2024;08h00;12h00;
A0-17;03/06/2024;13h30;17h30;
A0-17;04/06/2024;08h00;12h00;
A0-17;04/06/2024;13h30;17h30;
A0-17;24/06/2024;08h00;17h30;
A0-18;29/08/2023;14h30;18h30;
A0-18;30/08/2023;14h30;17h00;
A0-18;31/08/2023;09h00;12h00;
A0-18;31/08/2023;13h30;16h30;
A0-18;04/09/2023;10h00;12h00;BHSE301
A0-18;04/09/2023;15h30;17h30;BHSE301
A0-18;05/09/2023;08h00;10h00;BHSE301
A0-18;05/09/2023;10h00;12h00;BHSE301
A0-18;06/09/2023;13h30;15h30;BHSE305
A0-18;06/09/2023;15h30;17h30;BHSE305
A0-18;07/09/2023;08h00;10h00;BHSE305
A0-18;07/09/2023;10h00;12h00;BHSE305
A0-18;08/09/2023;08h00;10h00;BHSE311
A0-18;08/09/2023;10h00;12h00;BHSE311
A0-18;11/09/2023;08h00;10h00;BHSE305
A0-18;11/09/2023;10h00;12h00;BHSE305
A0-18;11/09/2023;13h30;15h30;BHSE507
A0-18;12/09/2023;13h30;15h30;BHSE504
A0-18;12/09/2023;15h30;17h30;BHSE504
A0-18;13/09/2023;13h30;15h30;BHSE502
A0-18;13/09/2023;15h30;17h30;BHSE502
A0-18;15/09/2023;10h00;12h00;
A0-18;15/09/2023;13h30;15h30;BHSE504
A0-18;15/09/2023;15h30;17h30;BHSE504
A0-18;18/09/2023;08h00;10h00;MHSSAE1
A0-18;18/09/2023;10h00;12h00;MHSSAE1
A0-18;18/09/2023;13h30;15h30;BHSE302
A0-18;18/09/2023;15h30;17h30;BHSE302
A0-18;19/09/2023;08h00;10h00;MHSEPPP1
A0-18;19/09/2023;10h00;12h00;MHSEPPP1
A0-18;19/09/2023;15h30;17h30;BHSE507
A0-18;20/09/2023;13h30;15h30;MHSSAE2
A0-18;20/09/2023;15h30;17h30;MHSSAE2
A0-18;22/09/2023;10h00;12h00;V3219V3
A0-18;25/09/2023;08h00;10h00;BHSE502
A0-18;25/09/2023;10h00;12h00;BHSE502
A0-18;25/09/2023;13h30;15h30;MHSE1003
A0-18;25/09/2023;15h30;17h30;MHSE1003
A0-18;27/09/2023;13h30;15h30;MHSE1317
A0-18;27/09/2023;15h30;17h30;MHSE1317
A0-18;28/09/2023;08h00;10h00;BHSE502
A0-18;28/09/2023;10h00;12h00;BHSE502
A0-18;29/09/2023;10h00;12h00;BHSE506
A0-18;02/10/2023;08h00;10h00;BHSAE501
A0-18;02/10/2023;10h00;12h00;BHSAE501
A0-18;02/10/2023;13h30;15h30;BHSAE501
A0-18;02/10/2023;15h30;17h30;BHSAE501
A0-18;03/10/2023;08h00;10h00;MHSE1001
A0-18;03/10/2023;10h00;12h00;MHSE1001
A0-18;03/10/2023;13h30;15h30;BHSAE502
A0-18;03/10/2023;15h30;17h30;BHSAE502
A0-18;04/10/2023;08h00;10h00;MHSEPPP1
A0-18;04/10/2023;10h00;12h00;MHSEPPP1
A0-18;04/10/2023;13h30;15h30;BHSE504
A0-18;04/10/2023;15h30;17h30;BHSE504
A0-18;05/10/2023;08h00;10h00;BHSAE502
A0-18;05/10/2023;10h00;12h00;BHSAE502
A0-18;06/10/2023;08h00;10h00;BHSE308
A0-18;06/10/2023;10h00;12h00;BHSE308
A0-18;06/10/2023;13h30;15h30;BHSE312
A0-18;06/10/2023;15h30;17h30;BHSE312
A0-18;10/10/2023;08h00;10h00;BHS603
A0-18;10/10/2023;10h00;12h00;BHS603
A0-18;10/10/2023;13h30;15h30;BHS603
A0-18;10/10/2023;15h30;17h30;BHS603
A0-18;11/10/2023;08h00;10h00;MHSE1003
A0-18;11/10/2023;10h00;12h00;MHSE1003
A0-18;13/10/2023;08h00;10h00;BHS603
A0-18;13/10/2023;10h00;12h00;BHS603
A0-18;13/10/2023;13h30;15h30;BHS603
A0-18;13/10/2023;15h30;17h30;BHS603
A0-18;16/10/2023;08h00;10h00;MHSEPPP1
A0-18;16/10/2023;13h30;15h30;BHSAE301
A0-18;16/10/2023;15h30;17h30;BHSAE301
A0-18;17/10/2023;08h00;10h00;BHSE506
A0-18;17/10/2023;10h00;12h00;BHSE506
A0-18;17/10/2023;13h30;15h30;BHSE311
A0-18;17/10/2023;15h30;17h30;BHSE311
A0-18;18/10/2023;08h00;10h00;BHS603
A0-18;18/10/2023;10h00;12h00;BHS603
A0-18;18/10/2023;13h30;15h30;BHS603
A0-18;18/10/2023;15h30;17h30;BHS603
A0-18;20/10/2023;13h30;15h30;BHSE311
A0-18;20/10/2023;15h30;17h30;BHSE311
A0-18;24/10/2023;08h00;10h00;MHSE1318
A0-18;24/10/2023;10h00;12h00;MHSE1004
A0-18;24/10/2023;13h30;15h30;MHSE1004
A0-18;24/10/2023;15h30;17h30;MHSE1318
A0-18;25/10/2023;13h30;15h30;MHSE1318
A0-18;25/10/2023;15h30;17h30;MHSE1318
A0-18;26/10/2023;08h00;10h00;MHSE1003
A0-18;26/10/2023;10h00;12h00;MHSE1003
A0-18;27/10/2023;10h00;12h00;MHSE1003
A0-18;27/10/2023;13h30;15h30;MHSE1003
A0-18;08/11/2023;10h00;12h00;
A0-18;13/11/2023;08h00;10h00;BHSE309
A0-18;13/11/2023;10h00;12h00;BHSE309
A0-18;14/11/2023;08h00;10h00;BHSE304
A0-18;14/11/2023;10h00;12h00;BHSE304
A0-18;14/11/2023;13h30;15h30;BHSE304
A0-18;14/11/2023;15h30;17h30;BHSE304
A0-18;15/11/2023;08h00;12h00;BHSAE501
A0-18;15/11/2023;13h30;15h30;BHSE502
A0-18;15/11/2023;15h30;17h30;BHSE502
A0-18;17/11/2023;08h00;10h00;BHSE501
A0-18;17/11/2023;10h00;12h00;BHSE501
A0-18;20/11/2023;08h00;12h00;BHSAE501
A0-18;21/11/2023;08h00;10h00;MHSE1317
A0-18;21/11/2023;10h00;12h00;MHSE1317
A0-18;21/11/2023;13h30;15h30;MHSE1317
A0-18;21/11/2023;15h30;17h30;MHSE1317
A0-18;22/11/2023;08h00;10h00;MHSE1317
A0-18;22/11/2023;10h00;12h00;MHSE1317
A0-18;22/11/2023;13h30;15h30;MHSE1317
A0-18;22/11/2023;15h30;17h30;MHSE1317
A0-18;24/11/2023;08h00;10h00;MHSE1318
A0-18;24/11/2023;10h00;12h00;MHSE1318
A0-18;24/11/2023;13h30;15h30;MHSE1318
A0-18;24/11/2023;15h30;17h30;MHSE1318
A0-18;27/11/2023;08h00;10h00;BHSE305
A0-18;27/11/2023;10h00;12h00;BHSE305
A0-18;27/11/2023;13h30;15h30;BHSE507
A0-18;27/11/2023;15h30;17h30;BHSE507
A0-18;28/11/2023;08h00;12h00;MHSSAE2
A0-18;28/11/2023;13h30;17h30;MHSSAE2
A0-18;29/11/2023;08h00;10h00;BHSE305
A0-18;29/11/2023;10h00;12h00;BHSE305
A0-18;29/11/2023;13h30;17h30;MHSSAE2
A0-18;01/12/2023;08h00;10h00;BHSE305
A0-18;01/12/2023;10h00;12h00;BHSE305
A0-18;01/12/2023;13h30;17h30;MHSSAE2
A0-18;04/12/2023;08h00;10h00;MHSE1318
A0-18;04/12/2023;13h30;15h30;MHSE1318
A0-18;06/12/2023;08h00;10h00;MHSE1318
A0-18;06/12/2023;10h00;12h00;MHSE1318
A0-18;08/12/2023;08h00;10h00;MHSE1318
A0-18;08/12/2023;13h30;15h30;MHSE1318
A0-18;08/12/2023;15h30;17h30;MHSE1318
A0-18;11/12/2023;08h00;10h00;MHSE1317
A0-18;11/12/2023;10h00;12h00;MHSE1317
A0-18;11/12/2023;13h30;15h30;MHSE1317
A0-18;11/12/2023;15h30;17h30;MHSE1317
A0-18;12/12/2023;08h00;10h00;BHSE507
A0-18;12/12/2023;13h30;15h30;MHSE1318
A0-18;13/12/2023;13h30;15h30;BHSE507
A0-18;13/12/2023;15h30;17h30;BHSE507
A0-18;15/12/2023;10h00;12h00;V3219V3
A0-18;18/12/2023;10h00;12h00;MHSE1318
A0-18;18/12/2023;13h30;15h30;MHSE1318
A0-18;08/01/2024;08h00;10h00;BHSE403
A0-18;08/01/2024;10h00;12h00;MHSE2308
A0-18;09/01/2024;08h00;10h00;BHSE404
A0-18;09/01/2024;10h00;12h00;BHSE404
A0-18;09/01/2024;13h30;15h30;BHSE404
A0-18;09/01/2024;15h30;17h30;BHSE404
A0-18;10/01/2024;07h45;12h00;
A0-18;10/01/2024;13h30;15h30;BHSAE402
A0-18;10/01/2024;15h30;17h30;BHSAE402
A0-18;15/01/2024;08h00;10h00;BHS605
A0-18;15/01/2024;10h00;12h00;BHS605
A0-18;15/01/2024;13h30;15h30;BHS601
A0-18;15/01/2024;15h30;17h30;BHS601
A0-18;16/01/2024;08h00;10h00;BHSE407
A0-18;16/01/2024;10h00;12h00;BHSE407
A0-18;17/01/2024;08h00;12h00;MHSAE201
A0-18;17/01/2024;13h30;17h30;MHSAE201
A0-18;18/01/2024;08h00;10h00;BHS601
A0-18;18/01/2024;10h00;12h00;BHS601
A0-18;18/01/2024;19h30;21h30;MHSAE8
A0-18;19/01/2024;08h00;10h00;BHSAE601
A0-18;19/01/2024;10h00;12h00;BHSAE601
A0-18;19/01/2024;13h30;17h30;BHSAE603
A0-18;22/01/2024;10h00;12h00;BHSE602
A0-18;22/01/2024;13h30;15h30;MHSE2309
A0-18;22/01/2024;15h30;17h30;MHSE2309
A0-18;23/01/2024;08h00;10h00;BHSAE601
A0-18;23/01/2024;10h00;12h00;BHSAE601
A0-18;23/01/2024;13h30;15h30;BHS605
A0-18;23/01/2024;15h30;17h30;BHS605
A0-18;24/01/2024;10h00;12h00;BHS602
A0-18;24/01/2024;13h30;15h30;BHSAE402
A0-18;24/01/2024;15h30;17h30;BHSAE402
A0-18;25/01/2024;08h00;10h00;BHS605
A0-18;25/01/2024;10h00;12h00;BHS605
A0-18;26/01/2024;08h00;10h00;BHSE602
A0-18;26/01/2024;10h00;12h00;BHSE602
A0-18;29/01/2024;08h00;10h00;BHS606
A0-18;29/01/2024;10h00;12h00;BHS606
A0-18;29/01/2024;15h30;17h30;MHSE2309
A0-18;30/01/2024;08h00;10h00;BHSE401
A0-18;30/01/2024;10h00;12h00;BHSE401
A0-18;30/01/2024;13h30;15h30;BHSE401
A0-18;30/01/2024;15h30;17h30;BHSE401
A0-18;31/01/2024;08h00;10h00;BHSAE402
A0-18;31/01/2024;10h00;12h00;BHSAE402
A0-18;01/02/2024;08h00;10h00;BHS606
A0-18;07/02/2024;13h30;15h30;BHSAE402
A0-18;08/02/2024;08h00;10h00;BHS605
A0-18;08/02/2024;10h00;12h00;BHS605
A0-18;09/02/2024;10h00;12h00;BHS606
A0-18;12/02/2024;08h00;10h00;BHS605
A0-18;12/02/2024;10h00;12h00;BHS605
A0-18;12/02/2024;13h30;15h30;MHSE2210
A0-18;14/02/2024;08h00;10h00;BHS605
A0-18;14/02/2024;10h00;12h00;BHS605
A0-18;04/03/2024;08h00;10h00;BHSAE401
A0-18;04/03/2024;10h00;12h00;BHSAE401
A0-18;04/03/2024;13h30;15h30;BHSAE401
A0-18;05/03/2024;08h00;10h00;BHSAE401
A0-18;05/03/2024;10h00;12h00;BHSAE401
A0-18;05/03/2024;13h30;15h30;BHSAE401
A0-18;06/03/2024;10h00;12h00;
A0-18;08/03/2024;08h00;10h00;MHSE2309
A0-18;08/03/2024;13h30;15h30;MHSE2309
A0-18;08/03/2024;15h30;17h30;MHSE2309
A0-18;11/03/2024;08h00;10h00;BHSAE401
A0-18;11/03/2024;10h00;12h00;BHSAE401
A0-18;11/03/2024;13h30;15h30;BHSAE401
A0-18;13/03/2024;13h30;15h30;BHSAE401
A0-18;15/03/2024;13h30;17h30;BHSE405
A0-18;18/03/2024;10h00;12h00;MHSE2308
A0-18;08/04/2024;10h00;12h00;MHSAE8
A0-18;08/04/2024;13h30;15h30;MHSAE8
A0-18;08/04/2024;15h30;17h30;MHSAE8
A0-18;09/04/2024;08h00;12h00;
A0-18;09/04/2024;13h30;17h30;
A0-18;10/04/2024;10h00;12h00;MHSAE8
A0-18;10/04/2024;13h30;15h30;MHSE2210
A0-18;10/04/2024;15h30;17h30;MHSE2210
A0-18;10/04/2024;15h30;17h30;MHSE2210
A0-18;12/04/2024;08h00;12h00;
A0-18;12/04/2024;13h30;17h30;
A0-18;29/05/2024;10h00;12h00;
A0-18;29/05/2024;10h00;12h00;
A0-18;24/06/2024;08h00;17h30;
A0-19;25/08/2023;14h00;17h00;
A0-19;29/08/2023;14h30;18h30;
A0-19;30/08/2023;14h30;17h00;
A0-19;31/08/2023;09h00;12h00;
A0-19;31/08/2023;13h30;16h30;
A0-19;04/09/2023;16h00;18h00;
A0-19;06/09/2023;08h00;10h00;MHSE1009
A0-19;06/09/2023;10h00;12h00;MHSE1009
A0-19;07/09/2023;08h00;10h00;MHSE1317
A0-19;07/09/2023;10h00;12h00;MHSE1317
A0-19;11/09/2023;08h00;10h00;MHSE1009
A0-19;11/09/2023;10h00;12h00;MHSE1009
A0-19;12/09/2023;10h00;12h00;BHSE502
A0-19;12/09/2023;15h30;17h30;BHSE502
A0-19;13/09/2023;13h30;15h30;BHSAE302
A0-19;13/09/2023;15h30;17h30;BHSAE302
A0-19;14/09/2023;08h00;10h00;MHSE1004
A0-19;14/09/2023;10h00;12h00;MHSE1004
A0-19;15/09/2023;08h00;10h00;MHSE1004
A0-19;15/09/2023;10h00;12h00;MHSE1004
A0-19;15/09/2023;13h30;15h30;BHSE504
A0-19;15/09/2023;15h30;17h30;BHSE504
A0-19;18/09/2023;08h00;10h00;BHS603
A0-19;18/09/2023;10h00;12h00;BHS603
A0-19;18/09/2023;13h30;15h30;BHS603
A0-19;18/09/2023;15h30;17h30;BHS603
A0-19;19/09/2023;10h00;12h00;BHSE302
A0-19;20/09/2023;08h00;10h00;MHSSAE41
A0-19;20/09/2023;10h00;12h00;MHSSAE41
A0-19;20/09/2023;13h30;15h30;BHSAE302
A0-19;20/09/2023;15h30;17h30;BHSAE302
A0-19;22/09/2023;08h00;10h00;MHSE1001
A0-19;22/09/2023;10h00;12h00;MHSE1001
A0-19;22/09/2023;13h30;15h30;MHSE1001
A0-19;22/09/2023;15h30;17h30;MHSE1001
A0-19;26/09/2023;08h00;10h00;BHSE504
A0-19;26/09/2023;10h00;12h00;BHSE504
A0-19;26/09/2023;13h30;15h30;BHSE311
A0-19;26/09/2023;15h30;17h30;BHSE311
A0-19;27/09/2023;13h30;15h30;BHS603
A0-19;27/09/2023;15h30;17h30;BHS603
A0-19;29/09/2023;08h00;10h00;MHSE1004
A0-19;29/09/2023;10h00;12h00;MHSE1004
A0-19;02/10/2023;08h00;10h00;BHSE502
A0-19;02/10/2023;10h00;12h00;BHSE502
A0-19;02/10/2023;13h30;15h30;MHSE1001
A0-19;02/10/2023;15h30;17h30;MHSE1001
A0-19;03/10/2023;08h00;10h00;BHSE502
A0-19;03/10/2023;10h00;12h00;BHSE502
A0-19;03/10/2023;13h30;15h30;MHSE1001
A0-19;03/10/2023;15h30;17h30;MHSE1001
A0-19;04/10/2023;08h00;10h00;BHSE608
A0-19;04/10/2023;10h00;12h00;BHSE608
A0-19;04/10/2023;13h30;15h30;BHSE608
A0-19;04/10/2023;15h30;17h30;BHSE608
A0-19;05/10/2023;08h00;10h00;MHSE1009
A0-19;05/10/2023;10h00;12h00;MHSE1009
A0-19;06/10/2023;08h00;10h00;BHSAE502
A0-19;06/10/2023;10h00;12h00;BHSAE502
A0-19;06/10/2023;13h30;15h30;BHSAE502
A0-19;06/10/2023;15h30;17h30;BHSAE502
A0-19;09/10/2023;13h30;15h30;BHSE305
A0-19;09/10/2023;15h30;17h30;BHSE305
A0-19;10/10/2023;13h30;15h30;MHSSAE41
A0-19;10/10/2023;15h30;17h30;MHSSAE41
A0-19;11/10/2023;08h00;10h00;BHSAE303
A0-19;11/10/2023;10h00;12h00;BHSAE303
A0-19;11/10/2023;13h30;15h30;BHSAE303
A0-19;11/10/2023;15h30;17h30;BHSAE303
A0-19;13/10/2023;15h30;17h30;
A0-19;16/10/2023;08h00;10h00;BHSAE502
A0-19;16/10/2023;10h00;12h00;BHSAE502
A0-19;16/10/2023;13h30;15h30;BHSAE502
A0-19;16/10/2023;15h30;17h30;BHSAE502
A0-19;17/10/2023;10h00;12h00;MHSE1004
A0-19;17/10/2023;15h30;17h30;MHSE1004
A0-19;18/10/2023;08h00;10h00;BHSE506
A0-19;18/10/2023;10h00;12h00;BHSE506
A0-19;18/10/2023;13h30;15h30;BHSAE301
A0-19;18/10/2023;15h30;17h30;BHSAE301
A0-19;19/10/2023;08h00;10h00;BHSE501
A0-19;19/10/2023;10h00;12h00;BHSE501
A0-19;20/10/2023;13h30;15h30;BHSE504
A0-19;20/10/2023;15h30;17h30;BHSE504
A0-19;23/10/2023;10h00;12h00;MHSE1009
A0-19;23/10/2023;15h30;17h30;MHSE1009
A0-19;27/10/2023;08h00;10h00;MHSE1003
A0-19;27/10/2023;15h30;17h30;MHSE1003
A0-19;13/11/2023;08h00;12h00;BHSE503
A0-19;13/11/2023;13h30;17h30;MHSSAE1
A0-19;14/11/2023;08h00;10h00;MHSE1003
A0-19;14/11/2023;10h00;12h00;MHSE1003
A0-19;14/11/2023;13h30;17h30;BHSE503
A0-19;15/11/2023;18h45;22h45;MHSSAE1
A0-19;17/11/2023;13h30;15h30;BHSE301
A0-19;17/11/2023;15h30;17h30;BHSE301
A0-19;20/11/2023;08h00;10h00;MHSE1317
A0-19;20/11/2023;10h00;12h00;MHSE1317
A0-19;20/11/2023;13h30;15h30;MHSE1317
A0-19;20/11/2023;15h30;17h30;MHSE1317
A0-19;22/11/2023;10h00;12h00;MHSE1318
A0-19;22/11/2023;15h30;17h30;MHSE1318
A0-19;23/11/2023;08h00;10h00;BHSE503
A0-19;23/11/2023;10h00;12h00;BHSE503
A0-19;24/11/2023;08h00;10h00;BHSE503
A0-19;24/11/2023;10h00;12h00;BHSE503
A0-19;27/11/2023;08h00;10h00;BHSAE601
A0-19;27/11/2023;10h00;12h00;BHSAE601
A0-19;28/11/2023;10h00;12h00;BHSE507
A0-19;01/12/2023;08h00;10h00;BHSAE601
A0-19;01/12/2023;10h00;12h00;BHSAE601
A0-19;06/12/2023;08h00;18h00;BHSAE602
A0-19;08/12/2023;09h00;12h00;BHSE312
A0-19;08/12/2023;13h30;16h30;BHSE312
A0-19;12/12/2023;08h00;10h00;BHSE505
A0-19;12/12/2023;10h00;12h00;BHSE311
A0-19;15/12/2023;09h00;12h00;BHSE312
A0-19;08/01/2024;15h30;17h30;BHSE403
A0-19;10/01/2024;07h45;12h00;
A0-19;12/01/2024;13h15;15h15;BHSE404
A0-19;12/01/2024;15h15;17h15;BHSE404
A0-19;15/01/2024;08h00;10h00;BHS602
A0-19;15/01/2024;10h00;12h00;BHS602
A0-19;15/01/2024;13h30;15h30;BHSE406
A0-19;16/01/2024;08h00;10h00;BHS601
A0-19;16/01/2024;10h00;12h00;BHS601
A0-19;16/01/2024;13h30;15h30;BHS601
A0-19;16/01/2024;15h30;17h30;BHS601
A0-19;17/01/2024;08h00;10h00;BHS601
A0-19;17/01/2024;10h00;12h00;BHS601
A0-19;17/01/2024;13h30;15h30;BHS601
A0-19;17/01/2024;15h30;17h30;BHS601
A0-19;19/01/2024;08h00;10h00;BHSE602
A0-19;19/01/2024;10h00;12h00;BHSE602
A0-19;23/01/2024;15h30;17h30;BHS606
A0-19;24/01/2024;13h30;15h30;MHSE2308
A0-19;24/01/2024;15h30;17h30;BHSE401
A0-19;25/01/2024;10h00;12h00;MHSE2210
A0-19;26/01/2024;13h30;15h30;BHS606
A0-19;26/01/2024;15h30;17h30;BHS606
A0-19;29/01/2024;08h00;10h00;BHSAE601
A0-19;29/01/2024;13h30;15h30;BHS602
A0-19;29/01/2024;15h30;17h30;BHS602
A0-19;30/01/2024;15h30;17h30;BHSAE601
A0-19;31/01/2024;10h00;12h00;MHSE2309
A0-19;31/01/2024;13h30;15h30;MHSE2003
A0-19;05/02/2024;08h00;10h00;BHS602
A0-19;05/02/2024;10h00;12h00;BHS602
A0-19;06/02/2024;08h00;10h00;MHSAE201
A0-19;06/02/2024;10h00;12h00;MHSAE201
A0-19;06/02/2024;13h30;15h30;MHSAE201
A0-19;12/02/2024;10h00;12h00;MHSE2007
A0-19;12/02/2024;15h30;17h30;MHSE2210
A0-19;13/02/2024;13h30;15h30;BHSE406
A0-19;05/03/2024;08h00;10h00;MHSE2309
A0-19;05/03/2024;10h00;12h00;MHSE2309
A0-19;05/03/2024;15h30;17h30;MHSE2309
A0-19;06/03/2024;08h00;10h00;BHSAE402
A0-19;06/03/2024;10h00;12h00;BHSAE402
A0-19;08/03/2024;08h00;10h00;BHSE404
A0-19;08/03/2024;10h00;12h00;BHSE404
A0-19;13/03/2024;08h00;12h00;BHSE405
A0-19;18/03/2024;13h15;15h15;MHSE2210
A0-19;19/03/2024;08h00;10h00;MHSE2004
A0-19;25/03/2024;15h30;17h30;MHSE2309
A0-19;26/03/2024;10h00;12h00;MHSE2004
A0-19;08/04/2024;10h00;12h00;MHSAE8
A0-19;08/04/2024;15h30;17h30;MHSAE8
A0-19;12/04/2024;10h00;12h00;V32110V3
A0-19;06/05/2024;13h30;16h30;MHSE2001
A0-19;07/05/2024;13h30;16h30;MHSE2001
A0-19;14/05/2024;09h00;12h00;MHSE2001
A0-19;14/05/2024;09h00;12h00;MHSE2001
A0-19;16/05/2024;09h00;12h00;MHSE2001
A0-19;16/05/2024;09h00;12h00;MHSE2001
A0-19;24/06/2024;08h00;17h30;
A0-20;25/08/2023;14h00;17h00;
A0-20;30/08/2023;09h00;12h00;
A0-20;30/08/2023;14h30;17h00;
A0-20;31/08/2023;09h00;12h00;
A0-20;31/08/2023;13h30;16h30;
A0-20;05/09/2023;09h00;12h00;
A0-20;07/09/2023;08h00;10h00;V2327V3
A0-20;07/09/2023;10h00;12h00;V1117V3
A0-20;07/09/2023;13h30;15h30;V1117V3
A0-20;11/09/2023;08h00;10h00;V2327V3
A0-20;11/09/2023;13h30;15h30;V2317V3
A0-20;11/09/2023;15h30;17h30;V2317V3
A0-20;12/09/2023;08h00;10h00;V2327V3
A0-20;13/09/2023;08h00;10h00;VFE311V3
A0-20;13/09/2023;10h00;12h00;VFE311V3
A0-20;13/09/2023;13h30;15h30;VFE311V3
A0-20;14/09/2023;10h00;12h00;V2519V3
A0-20;18/09/2023;08h00;10h00;V2327V3
A0-20;18/09/2023;10h00;12h00;V2327V3
A0-20;18/09/2023;13h30;15h30;V2317V3
A0-20;18/09/2023;15h30;17h30;V2317V3
A0-20;25/09/2023;10h00;12h00;V2317V3
A0-20;25/09/2023;13h30;15h30;V2317V3
A0-20;25/09/2023;15h30;17h30;V2317V3
A0-20;26/09/2023;10h00;12h00;V2327V3
A0-20;26/09/2023;15h30;17h30;VFE311V3
A0-20;02/10/2023;08h00;10h00;V2327V3
A0-20;02/10/2023;10h00;12h00;V2327V3
A0-20;02/10/2023;13h30;15h30;V2317V3
A0-20;02/10/2023;15h30;17h30;V2317V3
A0-20;03/10/2023;13h30;15h30;V2119V3
A0-20;09/10/2023;10h00;12h00;V2317V3
A0-20;09/10/2023;13h30;15h30;V2317V3
A0-20;09/10/2023;15h30;17h30;V2317V3
A0-20;16/10/2023;10h00;12h00;V2327V3
A0-20;16/10/2023;13h30;15h30;V2317V3
A0-20;16/10/2023;15h30;17h30;V2317V3
A0-20;17/10/2023;10h00;12h00;V2519V3
A0-20;23/10/2023;08h00;10h00;V2327V3
A0-20;23/10/2023;10h00;12h00;V2317V3
A0-20;23/10/2023;13h30;15h30;V2317V3
A0-20;23/10/2023;15h30;17h30;V2317V3
A0-20;20/11/2023;13h30;15h30;V2317V3
A0-20;20/11/2023;15h30;17h30;V2317V3
A0-20;30/11/2023;08h00;10h00;V2327V3
A0-20;04/12/2023;08h00;10h00;V2327V3
A0-20;04/12/2023;10h00;12h00;V2317V3
A0-20;04/12/2023;13h30;15h30;V2317V3
A0-20;11/12/2023;08h00;10h00;V2327V3
A0-20;11/12/2023;10h00;12h00;V2317V3
A0-20;11/12/2023;13h30;15h30;V2317V3
A0-20;11/12/2023;15h30;17h30;V2317V3
A0-20;12/12/2023;08h00;10h00;V2327V3
A0-20;12/12/2023;13h30;15h30;V2519V3
A0-20;19/01/2024;10h00;12h00;V32110V3
A0-20;22/01/2024;15h30;17h30;BHSAE403
A0-20;24/01/2024;10h00;12h00;MHSE2004
A0-20;24/01/2024;13h30;15h30;MHSE2003
A0-20;29/01/2024;13h30;15h30;MHSE2004
A0-20;08/03/2024;10h00;12h00;V32110V3
A0-20;12/04/2024;10h00;12h00;V32110V3
A0-20;24/05/2024;10h00;12h00;V32110V3
A0-22;04/09/2023;10h00;12h00;MHSE2308
A0-22;04/09/2023;10h00;12h00;MHSE2308
A0-22;04/09/2023;10h00;12h00;BHSE310
A0-22;04/09/2023;13h30;15h30;BHSE310
A0-22;06/09/2023;08h00;10h00;BHSE310
A0-22;06/09/2023;10h00;12h00;BHSE310
A0-22;14/09/2023;08h00;10h00;VFE311V3
A0-22;14/09/2023;10h00;12h00;VFE311V3
A0-22;18/09/2023;08h00;10h00;MHSSAE2
A0-22;18/09/2023;10h00;12h00;MHSSAE2
A0-22;18/09/2023;13h30;15h30;MHSSAE2
A0-22;18/09/2023;15h30;17h30;MHSSAE2
A0-22;19/09/2023;08h00;10h00;MHSSAE3
A0-22;19/09/2023;10h00;12h00;MHSSAE3
A0-22;19/09/2023;15h30;17h30;MHSSAE2
A0-22;20/09/2023;13h30;15h30;MHSSAE41
A0-22;21/09/2023;08h00;12h00;BHSE301
A0-22;25/09/2023;08h00;12h00;BHSE310
A0-22;25/09/2023;13h30;17h30;BHSE301
A0-22;02/10/2023;13h30;17h30;BHSE301
A0-22;04/10/2023;08h00;12h00;BHSE301
A0-22;09/10/2023;08h00;10h00;MHSSAE3
A0-22;09/10/2023;10h00;12h00;MHSSAE3
A0-22;10/10/2023;08h00;10h00;MHSSAE41
A0-22;10/10/2023;10h00;12h00;MHSSAE41
A0-22;10/10/2023;13h30;15h30;MHSSAE3
A0-22;10/10/2023;15h30;17h30;MHSSAE3
A0-22;13/10/2023;08h00;10h00;MHSSAE41
A0-22;13/10/2023;10h00;12h00;MHSSAE41
A0-22;16/10/2023;08h00;12h00;MHSE1005
A0-22;16/10/2023;13h30;15h30;BHSAE301
A0-22;16/10/2023;15h30;17h30;BHSAE301
A0-22;17/10/2023;08h00;12h00;MHSE1005
A0-22;23/10/2023;08h00;12h00;MHSE1002
A0-22;24/10/2023;15h30;17h30;MHSE1009
A0-22;25/10/2023;08h00;10h00;MHSE1009
A0-22;25/10/2023;10h00;12h00;MHSE1009
A0-22;27/10/2023;13h30;15h30;BHSAE301
A0-22;06/11/2023;08h00;10h00;MHSSAE2
A0-22;06/11/2023;10h00;12h00;MHSSAE2
A0-22;06/11/2023;13h30;15h30;MHSSAE2
A0-22;06/11/2023;15h30;17h30;MHSSAE2
A0-22;10/11/2023;08h00;10h00;MHSSAE3
A0-22;10/11/2023;10h00;12h00;MHSSAE3
A0-22;10/11/2023;13h30;15h30;MHSSAE3
A0-22;10/11/2023;15h30;17h30;MHSSAE3
A0-22;15/11/2023;08h00;10h00;MHSE1411
A0-22;15/11/2023;10h00;12h00;MHSE1411
A0-22;15/11/2023;13h30;15h30;MHSE1411
A0-22;15/11/2023;15h30;17h30;MHSE1411
A0-22;20/11/2023;13h30;15h30;BHSAE501
A0-22;21/11/2023;08h00;12h00;BHSAE301
A0-22;27/11/2023;13h30;15h30;MHSSAE41
A0-22;27/11/2023;15h30;17h30;MHSSAE41
A0-22;28/11/2023;08h00;10h00;BHSAE501
A0-22;28/11/2023;10h00;12h00;BHSAE501
A0-22;28/11/2023;13h30;15h30;BHSAE501
A0-22;29/11/2023;08h00;10h00;BHSAE501
A0-22;29/11/2023;10h00;12h00;BHSAE501
A0-22;29/11/2023;13h30;15h30;BHSE508
A0-22;30/11/2023;08h00;10h00;MHSSAE1
A0-22;30/11/2023;10h00;12h00;MHSSAE1
A0-22;01/12/2023;08h00;10h00;MHSSAE41
A0-22;01/12/2023;10h00;12h00;MHSSAE41
A0-22;05/12/2023;08h00;10h00;MHSE1411
A0-22;05/12/2023;10h00;12h00;MHSE1411
A0-22;07/12/2023;08h00;10h00;BHSAE602
A0-22;07/12/2023;10h00;12h00;BHSAE602
A0-22;08/12/2023;13h30;15h30;BHSE508
A0-22;13/12/2023;08h00;10h00;BHSE508
A0-22;13/12/2023;10h00;12h00;BHSE508
A0-22;13/12/2023;13h30;15h30;BHSE312
A0-22;13/12/2023;15h30;17h30;BHSE312
A0-22;18/12/2023;08h00;10h00;BHSE310
A0-22;18/12/2023;10h00;12h00;BHSE310
A0-22;18/12/2023;13h30;15h30;BHSE310
A0-22;19/12/2023;15h30;17h30;BHSE312
A0-22;20/12/2023;13h30;15h30;BHSE312
A0-22;20/12/2023;15h30;17h30;BHSE312
A0-22;21/12/2023;08h00;10h00;
A0-22;09/01/2024;08h00;10h00;BHSAE403
A0-22;09/01/2024;10h00;12h00;BHSAE403
A0-22;10/01/2024;08h00;10h00;BHSE407
A0-22;10/01/2024;10h00;12h00;BHSE407
A0-22;10/01/2024;13h30;15h30;MHSPOR1
A0-22;10/01/2024;15h30;17h30;MHSPOR1
A0-22;15/01/2024;13h30;15h30;MHSAE8
A0-22;15/01/2024;15h30;17h30;MHSAE8
A0-22;16/01/2024;15h30;17h30;MHSAE7
A0-22;19/01/2024;08h00;12h00;MHSPOR1
A0-22;19/01/2024;13h30;15h30;BHSAE403
A0-22;19/01/2024;16h30;17h30;MHSE2006
A0-22;23/01/2024;10h00;12h00;MHSE2005
A0-22;24/01/2024;08h00;10h00;MHSPPP6
A0-22;24/01/2024;10h00;12h00;MHSPPP6
A0-22;26/01/2024;10h00;12h00;BHSE405
A0-22;26/01/2024;13h30;15h30;MHSE2003
A0-22;26/01/2024;15h30;17h30;MHSE2003
A0-22;31/01/2024;10h00;12h00;MHSE2004
A0-22;31/01/2024;13h30;17h30;BGIM1102
A0-22;02/02/2024;13h30;15h30;MHSE2003
A0-22;02/02/2024;15h30;17h30;MHSE2003
A0-22;05/02/2024;08h00;10h00;MHSAE201
A0-22;05/02/2024;10h00;12h00;MHSAE201
A0-22;07/02/2024;10h00;12h00;MHSAE8
A0-22;08/02/2024;08h00;12h00;BHSAE601
A0-22;09/02/2024;08h00;10h00;BHS602
A0-22;13/02/2024;13h30;15h30;BHSE405
A0-22;16/02/2024;13h30;15h30;MHSE2003
A0-22;16/02/2024;15h30;17h30;MHSE2003
A0-22;04/03/2024;09h00;12h00;MHSE2001
A0-22;04/03/2024;13h30;16h30;MHSE2001
A0-22;05/03/2024;09h00;12h00;MHSE2001
A0-22;11/03/2024;08h00;10h00;MHSAE6
A0-22;11/03/2024;13h30;15h30;MHSAE6
A0-22;11/03/2024;15h30;17h30;MHSAE6
A0-22;12/03/2024;13h30;15h30;MHSAE7
A0-22;12/03/2024;15h30;17h30;MHSAE7
A0-22;25/03/2024;13h30;15h30;MHSE2308
A0-22;09/04/2024;13h30;15h30;MHSAE201
A0-22;09/04/2024;15h30;17h30;MHSAE201
A0-22;14/05/2024;08h00;12h00;MHSE2210
A0-22;16/05/2024;08h00;12h00;MHSE2210
A0-22;17/05/2024;08h00;10h00;
A0-22;21/05/2024;08h00;12h00;MHSPPP6
A0-22;21/05/2024;13h15;17h15;MHSPPP6
A0-22;22/05/2024;08h00;12h00;MHSPPP6
A1-01;07/09/2023;10h00;12h00;BHSE302
A1-01;11/09/2023;15h30;17h30;BHSE507
A1-01;13/09/2023;09h00;12h00;V3229V3
A1-01;13/09/2023;13h30;15h30;BHSE305
A1-01;14/09/2023;13h30;15h30;V2517V3
A1-01;25/09/2023;13h30;15h30;BHSE508
A1-01;26/09/2023;13h30;15h30;V2217V3
A1-01;27/09/2023;09h00;12h00;V3229V3
A1-01;27/09/2023;13h30;15h30;BHSE302
A1-01;27/09/2023;15h30;17h30;BHSE302
A1-01;02/10/2023;08h00;10h00;BHSE302
A1-01;02/10/2023;15h30;17h30;BHSE302
A1-01;03/10/2023;08h00;10h00;V1118V3
A1-01;03/10/2023;10h00;12h00;V1118V3
A1-01;03/10/2023;13h30;15h30;V1118V3
A1-01;05/10/2023;10h00;12h00;M24418V3
A1-01;09/10/2023;08h00;10h00;BHS603
A1-01;09/10/2023;10h00;12h00;BHS603
A1-01;09/10/2023;13h30;15h30;BHS603
A1-01;09/10/2023;15h30;17h30;BHS603
A1-01;13/10/2023;10h00;12h00;V2117V3
A1-01;13/10/2023;13h30;15h30;V2117V3
A1-01;16/10/2023;10h00;12h00;MHSE1003
A1-01;16/10/2023;15h30;17h30;MHSE1003
A1-01;19/10/2023;10h00;12h00;V1127V3
A1-01;19/10/2023;13h30;15h30;V1127V3
A1-01;13/11/2023;10h00;12h00;MHSE1003
A1-01;13/11/2023;13h30;15h30;MHSE1003
A1-01;20/11/2023;08h00;10h00;BHSE312
A1-01;20/11/2023;10h00;12h00;BHSE312
A1-01;20/11/2023;13h30;15h30;MHSE1003
A1-01;20/11/2023;15h30;17h30;MHSE1003
A1-01;21/11/2023;15h30;17h30;MHSE1318
A1-01;22/11/2023;13h30;15h30;BHSE311
A1-01;30/11/2023;10h00;12h00;V1227V3
A1-01;30/11/2023;13h30;15h30;V1227V3
A1-01;06/12/2023;08h00;18h00;BHSAE602
A1-01;12/12/2023;10h00;12h00;V2517V3
A1-01;12/01/2024;10h00;12h00;BHSE403
A1-01;17/01/2024;08h00;10h00;BHSAE402
A1-01;17/01/2024;08h00;10h00;BHSAE402
A1-01;17/01/2024;08h00;17h30;BHSE303
A1-01;17/01/2024;08h00;15h30;BHSE303
A1-01;17/01/2024;10h00;12h00;BHSAE402
A1-01;26/01/2024;10h00;12h00;BHSE406
A1-01;29/01/2024;10h00;12h00;MHSE2006
A1-01;30/01/2024;10h00;12h00;BHS606
A1-01;05/02/2024;13h30;15h30;BHS606
A1-01;05/02/2024;15h30;17h30;BHS606
A1-01;06/02/2024;10h00;12h00;BHS602
A1-01;12/02/2024;08h00;10h00;MHSE2007
A1-01;13/02/2024;08h00;10h00;BHS606
A1-01;15/03/2024;17h30;19h30;
A1-01;20/03/2024;13h30;15h30;MHSE2004
A1-01;20/03/2024;15h30;17h30;MHSE2004
A1-01;03/04/2024;08h00;10h00;MHSAE7
A1-01;13/05/2024;08h00;10h00;MHSE2311
A1-02;30/08/2023;08h00;17h30;
A1-02;11/09/2023;13h30;15h30;MHSE1001
A1-02;11/09/2023;15h30;17h30;MHSE1001
A1-02;13/09/2023;13h30;15h30;MHSE1318
A1-02;13/09/2023;15h30;17h30;MHSE1318
A1-02;15/09/2023;08h00;10h00;BHSE305
A1-02;15/09/2023;10h00;12h00;BHSE305
A1-02;25/09/2023;15h30;17h30;BHSE508
A1-02;26/09/2023;13h30;15h30;BHSE503
A1-02;29/09/2023;08h00;10h00;BHSE506
A1-02;02/10/2023;15h30;17h30;MHSE1009
A1-02;03/10/2023;08h00;10h00;MHSE1003
A1-02;03/10/2023;10h00;12h00;MHSE1003
A1-02;03/10/2023;15h30;17h30;BHSE504
A1-02;06/10/2023;13h30;15h30;BHSE308
A1-02;16/10/2023;13h30;15h30;MHSEPPP1
A1-02;20/10/2023;13h30;15h30;V3219V3
A1-02;23/10/2023;10h00;12h00;BHSE311
A1-02;23/10/2023;13h30;15h30;V2327V3
A1-02;23/10/2023;15h30;17h30;V2327V3
A1-02;24/10/2023;08h00;10h00;BHSE301
A1-02;25/10/2023;10h00;12h00;BHSE308
A1-02;25/10/2023;13h30;15h30;MHSE1210
A1-02;25/10/2023;15h30;17h30;MHSE1210
A1-02;27/10/2023;10h00;12h00;BHSE311
A1-02;13/11/2023;08h00;12h00;MHSEPPP1
A1-02;20/11/2023;08h00;10h00;BHSE507
A1-02;21/11/2023;13h30;15h30;BHSE311
A1-02;04/12/2023;10h00;12h00;V2327V3
A1-02;04/12/2023;13h30;15h30;V2327V3
A1-02;05/12/2023;08h00;18h00;BHSAE602
A1-02;11/12/2023;08h00;10h00;BHSE311
A1-02;11/12/2023;13h30;15h30;V2327V3
A1-02;11/12/2023;15h30;17h30;V2327V3
A1-02;10/01/2024;07h45;12h00;
A1-02;12/01/2024;13h30;15h30;MHSE2001
A1-02;12/01/2024;15h30;17h30;MHSE2001
A1-02;15/01/2024;15h30;17h30;BHSE406
A1-02;16/01/2024;10h00;12h00;MHSAE8
A1-02;19/01/2024;10h00;12h00;BHSE406
A1-02;26/01/2024;08h00;10h00;BHSE607
A1-02;29/01/2024;08h00;10h00;MHSE2005
A1-02;14/02/2024;13h30;15h30;BHS606
A1-02;15/02/2024;08h00;12h00;
A1-02;16/02/2024;13h30;15h30;MHSAE201
A1-02;06/03/2024;15h30;17h30;MHSE2309
A1-02;18/03/2024;15h15;17h15;MHSE2210
A1-02;19/03/2024;08h00;10h00;BGIM1110
A1-02;19/03/2024;10h00;12h00;MHSE2004
A1-02;25/03/2024;10h00;12h00;MHSE2309
A1-02;28/03/2024;10h00;12h00;MHSE2308
A1-02;30/04/2024;13h30;15h30;MHSE2212
A1-02;30/04/2024;13h30;15h30;MHSE2212
A1-02;30/04/2024;13h30;17h30;BHSE305
A1-02;30/04/2024;13h30;15h30;BHSE305
A1-02;03/06/2024;08h00;12h00;
A1-02;03/06/2024;13h30;17h30;
A1-02;10/06/2024;08h00;17h30;
A1-03;30/08/2023;08h00;17h30;
A1-03;06/09/2023;13h30;15h30;MHSE1317
A1-03;06/09/2023;15h30;17h30;MHSE1317
A1-03;08/09/2023;09h00;10h00;BHSAE304
A1-03;12/09/2023;13h30;15h30;MHSE1003
A1-03;12/09/2023;15h30;17h30;MHSE1003
A1-03;15/09/2023;08h00;10h00;BHSE506
A1-03;15/09/2023;10h00;12h00;BHSE506
A1-03;21/09/2023;08h00;10h00;MHSSAE1
A1-03;21/09/2023;10h00;12h00;MHSSAE1
A1-03;22/09/2023;13h30;15h30;BHSE508
A1-03;22/09/2023;15h30;17h30;BHSE508
A1-03;25/09/2023;13h30;15h30;V2327V3
A1-03;25/09/2023;15h30;17h30;V2327V3
A1-03;26/09/2023;08h00;10h00;BHSE507
A1-03;26/09/2023;10h00;12h00;BHSE507
A1-03;26/09/2023;13h30;15h30;MHSE1003
A1-03;26/09/2023;15h30;17h30;MHSE1003
A1-03;27/09/2023;09h00;12h00;V3229V3
A1-03;02/10/2023;10h00;12h00;MHSE1009
A1-03;06/10/2023;08h00;12h00;BHSE310
A1-03;09/10/2023;08h00;12h00;
A1-03;09/10/2023;13h30;17h30;
A1-03;10/10/2023;08h00;10h00;BHSAE302
A1-03;17/10/2023;08h00;10h00;BHSAE501
A1-03;17/10/2023;10h00;12h00;BHSAE501
A1-03;17/10/2023;13h30;17h30;BHSAE501
A1-03;18/10/2023;08h00;10h00;MHSSAE41
A1-03;18/10/2023;10h00;12h00;MHSSAE41
A1-03;20/10/2023;10h00;12h00;BHSE504
A1-03;20/10/2023;15h30;17h30;BHSE504
A1-03;23/10/2023;15h30;17h30;BHSE311
A1-03;25/10/2023;08h00;10h00;BHSE311
A1-03;25/10/2023;10h00;12h00;BHSE311
A1-03;27/10/2023;13h30;15h30;MHSE1004
A1-03;27/10/2023;15h30;17h30;MHSE1004
A1-03;14/11/2023;08h00;12h00;BHSE506
A1-03;14/11/2023;13h30;15h30;MHSE1318
A1-03;18/11/2023;18h45;22h45;MHSSAE1
A1-03;23/11/2023;08h00;10h00;MHSE1318
A1-03;29/11/2023;15h30;17h30;BHSE311
A1-03;11/12/2023;10h00;12h00;BHSE311
A1-03;09/01/2024;13h30;15h30;BHSE406
A1-03;10/01/2024;07h45;12h00;
A1-03;17/01/2024;08h00;10h00;BHS602
A1-03;17/01/2024;10h00;12h00;BHS602
A1-03;17/01/2024;13h30;15h30;BHSE403
A1-03;17/01/2024;15h30;17h30;BHSE403
A1-03;22/01/2024;13h30;15h30;MHSE2004
A1-03;22/01/2024;15h30;17h30;MHSE2004
A1-03;06/02/2024;15h30;17h30;BHSE406
A1-03;13/02/2024;08h00;10h00;MHSE2003
A1-03;15/02/2024;08h00;12h00;
A1-03;12/03/2024;13h30;15h30;BHSAE401
A1-03;19/03/2024;10h00;12h00;MHSE2003
A1-03;19/03/2024;15h30;17h30;MHSE2309
A1-03;21/03/2024;08h00;12h00;
A1-03;26/03/2024;08h00;10h00;BGIM2111
A1-03;10/04/2024;15h30;17h30;MHSE2309
A1-03;12/04/2024;08h00;10h00;MHSE2004
A1-03;12/04/2024;10h00;12h00;MHSE2004
A1-03;30/04/2024;08h00;10h00;BGIM1110
A1-03;07/05/2024;08h00;10h00;BGIM2111
A1-03;14/05/2024;08h00;10h00;BGIM1110
A1-03;14/05/2024;08h00;10h00;BGIM1110
A1-03;14/05/2024;08h00;12h00;BHSE310
A1-03;14/05/2024;08h00;12h00;BHSE310
A1-03;03/06/2024;08h00;12h00;
A1-03;03/06/2024;13h30;17h30;
A1-03;10/06/2024;08h00;17h30;
A1-04;30/08/2023;13h30;16h30;
A1-04;05/09/2023;13h30;15h30;BHSE301
A1-04;05/09/2023;15h30;17h30;BHSE301
A1-04;06/09/2023;08h00;10h00;MHSE1318
A1-04;06/09/2023;10h00;12h00;MHSE1318
A1-04;11/09/2023;13h30;15h30;BHSE305
A1-04;11/09/2023;15h30;17h30;BHSE305
A1-04;13/09/2023;09h00;12h00;V3229V3
A1-04;13/09/2023;13h30;15h30;MHSE1317
A1-04;13/09/2023;15h30;17h30;MHSE1317
A1-04;15/09/2023;08h00;10h00;MHSE1005
A1-04;15/09/2023;10h00;12h00;MHSE1005
A1-04;15/09/2023;13h30;15h30;MHSE1009
A1-04;15/09/2023;15h30;17h30;MHSE1009
A1-04;18/09/2023;13h30;15h30;MHSSAE41
A1-04;18/09/2023;15h30;17h30;MHSSAE41
A1-04;19/09/2023;08h00;10h00;BHSE504
A1-04;19/09/2023;13h30;15h30;BHSE302
A1-04;20/09/2023;08h00;10h00;BHSE507
A1-04;20/09/2023;13h30;15h30;BHSAE302
A1-04;20/09/2023;15h30;17h30;BHSAE302
A1-04;22/09/2023;08h00;10h00;MHSSAE41
A1-04;22/09/2023;10h00;12h00;MHSSAE41
A1-04;26/09/2023;13h30;15h30;BHSE506
A1-04;26/09/2023;15h30;17h30;BHSE506
A1-04;27/09/2023;09h00;12h00;V3229V3
A1-04;27/09/2023;13h30;15h30;MHSE1006
A1-04;27/09/2023;15h30;17h30;MHSE1006
A1-04;29/09/2023;13h30;15h30;BHSE305
A1-04;29/09/2023;15h30;17h30;BHSE305
A1-04;02/10/2023;10h00;12h00;BHSE302
A1-04;03/10/2023;10h00;12h00;BHSE506
A1-04;03/10/2023;13h30;15h30;MHSE1317
A1-04;03/10/2023;15h30;17h30;MHSE1317
A1-04;04/10/2023;13h30;15h30;BHSE312
A1-04;04/10/2023;15h30;17h30;BHSE312
A1-04;05/10/2023;08h00;10h00;MHSE1003
A1-04;05/10/2023;10h00;12h00;MHSE1003
A1-04;06/10/2023;10h00;12h00;MHSE1318
A1-04;06/10/2023;13h30;15h30;MHSE1318
A1-04;09/10/2023;08h00;10h00;BHSAE303
A1-04;09/10/2023;10h00;12h00;BHSAE303
A1-04;09/10/2023;13h30;15h30;BHSE312
A1-04;09/10/2023;15h30;17h30;BHSE312
A1-04;10/10/2023;08h00;12h00;
A1-04;10/10/2023;13h30;17h30;
A1-04;11/10/2023;10h00;12h00;BGIM3101
A1-04;16/10/2023;08h00;12h00;BHSE310
A1-04;18/10/2023;10h00;12h00;MHSE1004
A1-04;18/10/2023;13h30;15h30;BHSE501
A1-04;18/10/2023;15h30;17h30;BHSE501
A1-04;19/10/2023;08h00;10h00;BHSAE302
A1-04;19/10/2023;10h00;12h00;BHSAE302
A1-04;20/10/2023;08h00;10h00;MHSE1009
A1-04;20/10/2023;10h00;12h00;MHSE1009
A1-04;20/10/2023;13h30;15h30;MHSE1004
A1-04;20/10/2023;15h30;17h30;MHSE1004
A1-04;23/10/2023;10h00;12h00;BHSAE302
A1-04;23/10/2023;13h30;15h30;BHSAE302
A1-04;24/10/2023;10h00;12h00;BHSE301
A1-04;26/10/2023;08h00;10h00;BHSE305
A1-04;26/10/2023;10h00;12h00;BHSE305
A1-04;27/10/2023;08h00;10h00;BGIM31AE
A1-04;13/11/2023;15h30;17h30;BHSE311
A1-04;14/11/2023;08h00;09h00;BGIM1110
A1-04;14/11/2023;09h00;10h00;BGIM1110
A1-04;14/11/2023;13h30;17h30;BHSE506
A1-04;15/11/2023;13h30;15h30;BHSE311
A1-04;17/11/2023;08h00;10h00;MHSE1003
A1-04;17/11/2023;10h00;12h00;MHSE1003
A1-04;17/11/2023;13h30;15h30;MHSE1318
A1-04;17/11/2023;15h30;17h30;MHSE1318
A1-04;20/11/2023;08h00;10h00;MHSE1003
A1-04;20/11/2023;10h00;12h00;MHSE1003
A1-04;21/11/2023;10h00;12h00;MHSE1318
A1-04;23/11/2023;08h00;10h00;MHSE1003
A1-04;23/11/2023;10h00;12h00;MHSE1003
A1-04;27/11/2023;08h00;10h00;MHSSAE41
A1-04;27/11/2023;10h00;12h00;MHSSAE41
A1-04;28/11/2023;08h00;10h00;BHSE311
A1-04;29/11/2023;13h30;15h30;BHSE311
A1-04;04/12/2023;10h00;12h00;MHSE1003
A1-04;05/12/2023;08h00;18h00;BHSAE602
A1-04;08/12/2023;10h00;12h00;MHSE1318
A1-04;12/12/2023;15h30;17h30;MHSE1318
A1-04;10/01/2024;13h30;15h30;MHSE2309
A1-04;10/01/2024;15h30;17h30;MHSE2309
A1-04;11/01/2024;08h00;10h00;MHSE2001
A1-04;11/01/2024;10h00;12h00;MHSE2001
A1-04;15/01/2024;08h00;10h00;BHSE401
A1-04;15/01/2024;10h00;12h00;BHSE401
A1-04;15/01/2024;13h30;15h30;BHSE401
A1-04;15/01/2024;15h30;17h30;BHSE401
A1-04;16/01/2024;08h00;10h00;BHSE401
A1-04;16/01/2024;10h00;12h00;BHSE401
A1-04;16/01/2024;13h30;15h30;MHSAE8
A1-04;16/01/2024;15h30;17h30;MHSAE8
A1-04;22/01/2024;13h30;15h30;BHSAE601
A1-04;22/01/2024;15h30;17h30;BHSE401
A1-04;23/01/2024;13h30;17h30;BHSE402
A1-04;24/01/2024;08h00;10h00;BHSE403
A1-04;24/01/2024;10h00;12h00;BHS605
A1-04;24/01/2024;15h30;17h30;MHSE2308
A1-04;25/01/2024;08h00;10h00;MHSE2210
A1-04;25/01/2024;10h00;12h00;MHSE2006
A1-04;26/01/2024;08h00;10h00;BHSE406
A1-04;26/01/2024;10h00;12h00;BHSE607
A1-04;29/01/2024;08h00;12h00;BHSE402
A1-04;29/01/2024;13h30;17h30;BHSE402
A1-04;30/01/2024;13h30;15h30;MHSE2308
A1-04;31/01/2024;08h00;10h00;MHSE2004
A1-04;31/01/2024;13h30;15h30;MHSE2308
A1-04;31/01/2024;15h30;17h30;MHSE2308
A1-04;01/02/2024;08h00;10h00;MHSE2308
A1-04;01/02/2024;10h00;12h00;MHSE2308
A1-04;02/02/2024;08h00;10h00;MHSE2309
A1-04;02/02/2024;10h00;12h00;MHSE2309
A1-04;05/02/2024;08h00;10h00;MHSAE201
A1-04;06/02/2024;10h00;12h00;BHSE406
A1-04;07/02/2024;13h30;15h30;MHSAE201
A1-04;07/02/2024;15h30;17h30;MHSAE201
A1-04;09/02/2024;15h15;17h15;MHSAE201
A1-04;12/02/2024;10h00;12h00;MHSE2003
A1-04;14/02/2024;13h30;15h30;MHSE2210
A1-04;14/02/2024;13h30;15h30;MHSE2210
A1-04;14/02/2024;13h30;10h00;BHSE405
A1-04;15/02/2024;08h00;12h00;
A1-04;05/03/2024;13h30;15h30;MHSE2309
A1-04;18/03/2024;08h00;10h00;MHSE2308
A1-04;18/03/2024;10h00;12h00;MHSE2309
A1-04;18/03/2024;13h15;15h15;MHSE2309
A1-04;18/03/2024;15h15;17h15;MHSE2309
A1-04;19/03/2024;08h00;10h00;MHSE2003
A1-04;19/03/2024;13h30;15h30;MHSE2309
A1-04;19/03/2024;15h30;17h30;MHSE2308
A1-04;20/03/2024;10h00;12h00;MHSPPP6
A1-04;20/03/2024;13h30;15h30;MHSE2210
A1-04;21/03/2024;08h00;12h00;
A1-04;25/03/2024;08h00;10h00;MHSE2308
A1-04;25/03/2024;10h00;12h00;MHSE2308
A1-04;25/03/2024;13h30;15h30;MHSE2309
A1-04;25/03/2024;15h30;17h30;MHSE2308
A1-04;12/04/2024;15h30;17h30;MHSE2212
A1-04;30/04/2024;15h30;17h30;MHSE2210
A1-04;13/05/2024;08h00;10h00;MHSE2309
A1-04;13/05/2024;10h00;12h00;MHSE2309
A1-04;15/05/2024;10h00;12h00;MHSE2309
A1-04;21/05/2024;08h00;10h00;BGIM2111
A1-04;03/06/2024;08h00;12h00;
A1-04;03/06/2024;13h30;17h30;
A1-04;06/06/2024;08h00;10h00;MHSE2309
A1-04;07/06/2024;08h00;10h00;MHSE2309
A1-04;07/06/2024;10h00;12h00;MHSE2309
A1-07;30/08/2023;08h00;17h30;
A1-07;05/09/2023;13h30;15h30;BHSE305
A1-07;05/09/2023;15h30;17h30;BHSE305
A1-07;14/09/2023;08h00;10h00;BHSE508
A1-07;20/09/2023;08h00;10h00;MHSSAE1
A1-07;20/09/2023;10h00;12h00;MHSSAE1
A1-07;22/09/2023;08h00;10h00;BHSE305
A1-07;22/09/2023;10h00;12h00;BHSE305
A1-07;26/09/2023;13h30;15h30;BHSE302
A1-07;27/09/2023;15h30;17h30;BHSE311
A1-07;29/09/2023;08h00;10h00;MHSE1001
A1-07;29/09/2023;10h00;12h00;MHSE1001
A1-07;29/09/2023;13h30;15h30;MHSE1003
A1-07;29/09/2023;15h30;17h30;MHSE1003
A1-07;02/10/2023;08h00;10h00;BHSE310
A1-07;02/10/2023;10h00;12h00;BHSE310
A1-07;02/10/2023;13h30;15h30;BHSE310
A1-07;03/10/2023;08h00;10h00;BHSE506
A1-07;04/10/2023;13h30;15h30;MHSE1009
A1-07;04/10/2023;15h30;17h30;MHSE1009
A1-07;09/10/2023;13h30;15h30;V2327V3
A1-07;09/10/2023;15h30;17h30;V2327V3
A1-07;11/10/2023;13h30;15h30;MHSSAE1
A1-07;11/10/2023;15h30;17h30;MHSSAE1
A1-07;18/10/2023;13h30;15h30;MHSE1210
A1-07;18/10/2023;15h30;17h30;MHSE1210
A1-07;19/10/2023;08h00;10h00;MHSE1318
A1-07;19/10/2023;10h00;12h00;MHSE1318
A1-07;27/10/2023;10h00;12h00;BHSE309
A1-07;13/11/2023;08h00;12h00;BHSAE501
A1-07;13/11/2023;13h30;17h30;BHSAE501
A1-07;17/11/2023;08h00;10h00;MHSE1003
A1-07;17/11/2023;10h00;12h00;MHSE1003
A1-07;21/11/2023;08h00;12h00;BHSE304
A1-07;21/11/2023;13h30;17h30;BHSE304
A1-07;28/11/2023;15h30;17h30;BHSE507
A1-07;01/12/2023;08h00;10h00;BHSE507
A1-07;01/12/2023;10h00;12h00;BHSE507
A1-07;05/12/2023;08h00;18h00;BHSAE602
A1-07;11/12/2023;15h30;17h30;MHSE1318
A1-07;12/12/2023;08h00;10h00;MHSE1317
A1-07;12/12/2023;10h00;12h00;MHSE1317
A1-07;12/12/2023;13h30;15h30;MHSE1317
A1-07;12/12/2023;15h30;17h30;MHSE1317
A1-07;16/01/2024;08h00;10h00;BHS601
A1-07;16/01/2024;10h00;12h00;BHS601
A1-07;23/01/2024;13h30;16h30;BHSE403
A1-07;24/01/2024;13h30;15h30;BHSE401
A1-07;29/01/2024;08h00;10h00;MHSE2006
A1-07;29/01/2024;10h00;12h00;MHSE2005
A1-07;30/01/2024;15h30;17h30;MHSE2308
A1-07;31/01/2024;15h30;17h30;MHSE2003
A1-07;05/02/2024;08h00;10h00;BHSAE403
A1-07;05/02/2024;10h00;12h00;BHSAE403
A1-07;09/02/2024;08h00;10h00;BHS606
A1-07;15/02/2024;13h30;16h30;
A1-07;06/03/2024;08h00;10h00;MHSE2309
A1-07;15/03/2024;15h30;17h30;MHSE2210
A1-07;18/03/2024;10h00;12h00;BHSAE403
A1-07;21/03/2024;08h00;12h00;
A1-07;26/03/2024;08h00;10h00;MHSE2004
A1-07;03/04/2024;10h00;12h00;MHSAE7
A1-07;15/05/2024;08h00;10h00;MHSE2309
A1-07;10/06/2024;08h00;17h30;
A1-08;19/09/2023;08h00;10h00;BGIM31AE
A1-08;19/09/2023;13h30;15h30;MHSSAE2
A1-08;26/09/2023;10h00;12h00;BGIM3113
A1-08;28/09/2023;08h00;10h00;BGIM3113
A1-08;09/10/2023;15h30;17h30;MHSSAE3
A1-08;10/10/2023;10h00;12h00;BGIM1109
A1-08;10/10/2023;13h30;15h30;BGIM3113
A1-08;12/10/2023;10h00;12h00;BGIM1111
A1-08;17/10/2023;08h00;10h00;BGIM3112
A1-08;17/10/2023;10h00;12h00;BGIM31AE
A1-08;17/10/2023;13h30;15h30;MHSSAE2
A1-08;07/11/2023;13h30;15h30;BGIM3112
A1-08;09/11/2023;10h00;12h00;BGIM3112
A1-08;14/11/2023;10h00;12h00;BGIM1109
A1-08;16/11/2023;10h00;12h00;BGIM1111
A1-08;20/11/2023;13h30;17h30;BHSAE301
A1-08;21/11/2023;08h00;10h00;BGIM3114
A1-08;21/11/2023;10h00;12h00;BGIM1109
A1-08;21/11/2023;15h30;17h30;BGIM11PF
A1-08;22/11/2023;08h00;10h00;BGIM11AE
A1-08;23/11/2023;10h00;12h00;BGIM1111
A1-08;27/11/2023;10h00;12h00;MHSSAE2
A1-08;28/11/2023;08h00;10h00;BHSE310
A1-08;29/11/2023;15h30;17h30;BHSE508
A1-08;30/11/2023;10h00;12h00;BGIM1109
A1-08;07/12/2023;10h00;12h00;BGIM1109
A1-08;08/12/2023;10h00;12h00;BHSE508
A1-08;12/12/2023;08h00;10h00;BGIM1109
A1-08;14/12/2023;10h00;12h00;BGIM1109
A1-08;19/12/2023;13h30;15h30;BHSE312
A1-08;09/01/2024;10h00;12h00;BGIM4109
A1-08;10/01/2024;15h30;17h30;BHSE407
A1-08;11/01/2024;10h00;12h00;BGIM1111
A1-08;17/01/2024;15h30;17h30;BHSE607
A1-08;23/01/2024;13h30;15h30;BGIM2112
A1-08;23/01/2024;15h30;17h30;BGIM2112
A1-08;24/01/2024;08h00;10h00;BHS605
A1-08;26/01/2024;17h30;19h30;
A1-08;30/01/2024;08h00;10h00;BHS606
A1-08;30/01/2024;13h30;15h30;BHSAE601
A1-08;30/01/2024;15h30;17h30;BGIM4109
A1-08;02/02/2024;08h00;12h00;BHSAE601
A1-08;05/02/2024;08h00;10h00;BHSAE401
A1-08;06/02/2024;13h30;17h30;BHSAE601
A1-08;13/02/2024;10h00;12h00;BHSE406
A1-08;05/03/2024;08h00;10h00;BGIM21AE
A1-08;05/03/2024;10h00;12h00;BGIM21AE
A1-08;08/03/2024;10h00;12h00;MHSE2309
A1-08;11/03/2024;08h00;10h00;MHSAE8
A1-08;11/03/2024;10h00;12h00;MHSAE8
A1-08;12/03/2024;08h00;10h00;BGIM41AE
A1-08;12/03/2024;10h00;12h00;BGIM2110
A1-08;14/03/2024;10h00;11h00;BGIM4108
A1-08;14/03/2024;11h00;12h00;BGIM41AE
A1-08;19/03/2024;08h00;10h00;BGIM4108
A1-08;19/03/2024;10h00;12h00;BGIM41AE
A1-08;19/03/2024;13h30;15h30;MHSE2308
A1-08;21/03/2024;08h00;12h00;
A1-08;25/03/2024;08h00;10h00;MHSE2309
A1-08;26/03/2024;10h00;12h00;BGIM4109
A1-08;28/03/2024;08h00;10h00;BGIM41PF
A1-08;28/03/2024;10h00;12h00;BGIM4108
A1-08;28/03/2024;13h30;15h30;BGIM4108
A1-08;29/03/2024;08h00;10h00;BGIM3113
A1-08;02/04/2024;08h00;10h00;BGIM1110
A1-08;10/04/2024;08h00;10h00;MHSAE6
A1-08;23/05/2024;10h00;12h00;BGIM2110
A1-08;30/05/2024;08h00;10h00;BGIM21PF
A1-08;04/06/2024;13h30;15h30;BGIM21PF
A1-08;06/06/2024;10h00;12h00;MHSE2309
A1-09;30/08/2023;08h00;17h30;
A1-09;04/09/2023;08h00;12h00;
A1-09;04/09/2023;13h30;17h30;
A1-09;05/09/2023;08h00;10h00;BHSE308
A1-09;05/09/2023;10h00;12h00;BHSE308
A1-09;06/09/2023;15h30;17h30;MHSE1001
A1-09;13/09/2023;09h00;12h00;V3229V3
A1-09;13/09/2023;15h30;17h30;BHSE305
A1-09;14/09/2023;10h00;12h00;BHSE508
A1-09;15/09/2023;08h00;10h00;BHSE504
A1-09;15/09/2023;10h00;12h00;BHSE504
A1-09;22/09/2023;08h00;10h00;BHSE307
A1-09;22/09/2023;10h00;12h00;BHSE307
A1-09;22/09/2023;13h30;15h30;BHSE307
A1-09;22/09/2023;15h30;17h30;BHSE307
A1-09;26/09/2023;15h30;17h30;BHSE302
A1-09;09/10/2023;08h00;10h00;BHSE305
A1-09;09/10/2023;10h00;12h00;BHSE305
A1-09;10/10/2023;10h00;12h00;BHSAE302
A1-09;13/10/2023;10h00;12h00;BHSAE302
A1-09;16/10/2023;08h00;10h00;BHSAE501
A1-09;16/10/2023;10h00;12h00;BHSAE501
A1-09;16/10/2023;13h30;15h30;BHSAE501
A1-09;16/10/2023;15h30;17h30;BHSAE501
A1-09;20/10/2023;08h00;12h00;BHSE310
A1-09;20/10/2023;13h30;15h30;V3219V3
A1-09;25/10/2023;13h30;15h30;BHSE301
A1-09;25/10/2023;15h30;17h30;BHSE301
A1-09;26/10/2023;08h00;12h00;
A1-09;26/10/2023;13h30;17h30;
A1-09;27/10/2023;08h00;12h00;
A1-09;27/10/2023;13h30;17h30;
A1-09;14/11/2023;08h00;10h00;MHSE1003
A1-09;14/11/2023;10h00;12h00;MHSE1003
A1-09;14/11/2023;15h30;17h30;BHSE309
A1-09;15/11/2023;08h00;12h00;MHSSAE1
A1-09;15/11/2023;15h30;17h30;BHSE311
A1-09;17/11/2023;08h00;10h00;BHSE305
A1-09;17/11/2023;10h00;12h00;BHSE305
A1-09;21/11/2023;08h00;12h00;MHSEPPP1
A1-09;28/11/2023;13h30;15h30;BHSE507
A1-09;09/01/2024;15h30;17h30;BHSE406
A1-09;10/01/2024;08h00;10h00;MHSE2006
A1-09;10/01/2024;13h30;15h30;BHSE407
A1-09;17/01/2024;13h30;15h30;BHSAE402
A1-09;22/01/2024;08h00;10h00;MHSE2003
A1-09;22/01/2024;10h00;12h00;MHSE2003
A1-09;22/01/2024;15h30;17h30;BHSAE601
A1-09;23/01/2024;13h30;15h30;BHS606
A1-09;24/01/2024;15h30;17h30;MHSE2003
A1-09;31/01/2024;08h00;10h00;MHSE2309
A1-09;02/02/2024;15h30;17h30;MHSE2006
A1-09;05/02/2024;10h00;12h00;MHSAE201
A1-09;06/02/2024;13h30;15h30;MHSAE201
A1-09;08/02/2024;10h00;12h00;BHS606
A1-09;13/02/2024;08h00;10h00;MHSE2308
A1-09;14/02/2024;15h30;17h30;BHS606
A1-09;15/02/2024;08h00;12h00;
A1-09;11/03/2024;17h45;19h45;
A1-09;12/03/2024;08h00;10h00;BHSAE401
A1-09;12/03/2024;10h00;12h00;BHSAE401
A1-09;15/03/2024;13h30;15h30;MHSAE6
A1-09;15/03/2024;13h30;15h30;MHSAE6
A1-09;15/03/2024;15h30;17h30;MHSAE6
A1-09;15/03/2024;15h30;17h30;MHSAE6
A1-09;04/04/2024;10h00;12h00;MHSAE7
A1-09;29/04/2024;13h30;17h30;
A1-09;10/06/2024;08h00;12h00;
A1-09;10/06/2024;13h30;17h30;
A2-07;12/09/2023;10h00;12h00;BGIM3112
A2-07;12/09/2023;13h30;17h30;BHSE310
A2-07;14/09/2023;08h00;12h00;BHSE310
A2-07;19/09/2023;10h00;12h00;BGIM1109
A2-07;19/09/2023;13h30;15h30;BGIM1109
A2-07;20/09/2023;08h00;10h00;BHSAE501
A2-07;20/09/2023;10h00;12h00;BHSAE501
A2-07;20/09/2023;13h30;15h30;MHSSAE41
A2-07;21/09/2023;08h00;10h00;BGIM31PF
A2-07;21/09/2023;10h00;12h00;MHSSAE41
A2-07;26/09/2023;10h00;12h00;BGIM1109
A2-07;27/09/2023;08h00;12h00;BHSE310
A2-07;09/10/2023;08h00;10h00;MHSEPPP1
A2-07;09/10/2023;10h00;12h00;MHSEPPP1
A2-07;10/10/2023;08h00;10h00;MHSSAE3
A2-07;10/10/2023;10h00;12h00;MHSSAE3
A2-07;13/10/2023;08h00;10h00;MHSSAE3
A2-07;13/10/2023;10h00;12h00;MHSSAE3
A2-07;13/10/2023;13h30;15h30;MHSSAE3
A2-07;13/10/2023;15h30;17h30;MHSSAE3
A2-07;16/10/2023;13h30;17h30;MHSE1005
A2-07;17/10/2023;10h00;12h00;BGIM1109
A2-07;19/10/2023;08h00;10h00;BGIM3113
A2-07;19/10/2023;10h00;12h00;BGIM3112
A2-07;23/10/2023;10h00;12h00;
A2-07;23/10/2023;15h30;17h30;
A2-07;24/10/2023;15h30;17h30;BGIM11PF
A2-07;25/10/2023;08h00;10h00;MHSE1317
A2-07;25/10/2023;10h00;12h00;MHSE1317
A2-07;25/10/2023;13h30;15h30;MHSE1317
A2-07;25/10/2023;15h30;17h30;MHSE1317
A2-07;27/10/2023;10h00;12h00;
A2-07;27/10/2023;15h30;17h30;
A2-07;06/11/2023;13h30;15h30;MHSEPPP1
A2-07;06/11/2023;15h30;17h30;MHSEPPP1
A2-07;07/11/2023;10h00;12h00;BGIM1109
A2-07;07/11/2023;13h30;17h30;MHSE1001
A2-07;08/11/2023;08h00;12h00;MHSE1001
A2-07;09/11/2023;08h00;12h00;MHSE1001
A2-07;10/11/2023;13h30;17h30;MHSE1001
A2-07;13/11/2023;08h00;12h00;MHSE1001
A2-07;13/11/2023;13h30;17h30;MHSE1001
A2-07;14/11/2023;13h30;17h30;MHSE1001
A2-07;15/11/2023;08h00;12h00;BHSE506
A2-07;15/11/2023;13h30;17h30;MHSE1001
A2-07;16/11/2023;08h00;10h00;BGIM11PF
A2-07;16/11/2023;10h00;12h00;BGIM31PF
A2-07;20/11/2023;08h00;10h00;BHSAE501
A2-07;20/11/2023;10h00;12h00;BHSAE501
A2-07;20/11/2023;13h30;15h30;MHSE1411
A2-07;20/11/2023;15h30;17h30;MHSE1411
A2-07;21/11/2023;08h00;10h00;BHSAE501
A2-07;21/11/2023;10h00;12h00;BHSAE501
A2-07;21/11/2023;13h30;15h30;BHSAE501
A2-07;22/11/2023;08h00;10h00;BHSE310
A2-07;22/11/2023;13h30;15h30;BHSE310
A2-07;22/11/2023;15h30;17h30;BHSE310
A2-07;28/11/2023;10h00;12h00;BHSE310
A2-07;04/12/2023;08h00;10h00;BHSAE501
A2-07;05/12/2023;08h00;10h00;BGIM3114
A2-07;05/12/2023;10h00;12h00;BGIM1111
A2-07;06/12/2023;13h30;17h30;BGIM1102
A2-07;07/12/2023;08h00;10h00;BGIM11PF
A2-07;07/12/2023;10h00;12h00;BGIM31PF
A2-07;11/12/2023;13h30;15h30;MHSE1318
A2-07;12/12/2023;08h00;10h00;BGIM3113
A2-07;12/12/2023;10h00;12h00;BGIM1101
A2-07;14/12/2023;08h00;10h00;MHSE1411
A2-07;14/12/2023;10h00;12h00;MHSE1411
A2-07;09/01/2024;08h00;10h00;BGIM4110
A2-07;09/01/2024;10h00;12h00;BGIM1111
A2-07;09/01/2024;15h30;17h30;BGIM1101
A2-07;12/01/2024;16h30;17h30;MHSE2006
A2-07;16/01/2024;08h00;10h00;MHSAE7
A2-07;16/01/2024;10h00;12h00;MHSAE7
A2-07;17/01/2024;15h30;17h30;BHSAE402
A2-07;18/01/2024;10h00;12h00;BGIM4110
A2-07;19/01/2024;13h30;14h30;MHSE2006
A2-07;19/01/2024;14h30;15h30;MHSE2006
A2-07;22/01/2024;10h00;12h00;BHSE405
A2-07;22/01/2024;13h30;15h30;BHSAE403
A2-07;23/01/2024;13h30;15h30;MHSE2005
A2-07;24/01/2024;08h00;10h00;BHSE406
A2-07;26/01/2024;08h00;10h00;BHSE405
A2-07;26/01/2024;13h30;15h30;BHSE405
A2-07;30/01/2024;10h00;12h00;BGIM2112
A2-07;30/01/2024;13h30;15h30;BGIM3112
A2-07;01/02/2024;10h00;12h00;BGIM4108
A2-07;02/02/2024;13h30;17h30;BHSAE601
A2-07;06/02/2024;08h00;10h00;BHS605
A2-07;06/02/2024;10h00;12h00;BHS605
A2-07;06/02/2024;13h30;15h30;BHS605
A2-07;07/02/2024;13h30;15h30;MHSAE8
A2-07;09/02/2024;13h30;17h30;BHSE405
A2-07;12/02/2024;13h30;15h30;MHSE2004
A2-07;13/02/2024;15h30;17h30;BHSE406
A2-07;14/02/2024;13h30;17h30;BHSE405
A2-07;04/03/2024;13h30;17h30;BHSE405
A2-07;05/03/2024;08h00;10h00;MHSE2308
A2-07;05/03/2024;10h00;12h00;MHSE2308
A2-07;05/03/2024;13h30;15h30;MHSE2308
A2-07;05/03/2024;15h30;17h30;MHSE2308
A2-07;06/03/2024;08h00;10h00;MHSE2308
A2-07;06/03/2024;10h00;12h00;MHSE2308
A2-07;06/03/2024;13h30;15h30;MHSE2308
A2-07;07/03/2024;08h00;10h00;MHSE2308
A2-07;07/03/2024;10h00;12h00;MHSE2308
A2-07;08/03/2024;09h00;12h00;MHSE2001
A2-07;11/03/2024;08h00;10h00;MHSAE7
A2-07;11/03/2024;10h00;12h00;MHSAE7
A2-07;13/03/2024;08h00;10h00;BHSE405
A2-07;13/03/2024;10h00;12h00;BHSE405
A2-07;13/03/2024;13h30;15h30;BGIM4101
A2-07;13/03/2024;15h30;17h30;BHSE405
A2-07;18/03/2024;09h30;10h00;
A2-07;18/03/2024;10h00;10h30;
A2-07;19/03/2024;10h00;12h00;BGIM2110
A2-07;22/03/2024;08h00;10h00;MHSAE7
A2-07;22/03/2024;13h30;15h30;MHSAE7
A2-07;26/03/2024;08h00;10h00;BGIM4108
A2-07;02/04/2024;11h00;12h00;BGIM2110
A2-07;08/04/2024;08h00;10h00;MHSAE6
A2-07;10/04/2024;08h00;10h00;MHSAE8
A2-07;10/04/2024;10h00;12h00;MHSAE6
A2-07;10/04/2024;13h30;15h30;MHSE2309
A2-07;11/04/2024;08h00;10h00;MHSAE6
A2-07;02/05/2024;10h00;12h00;BGIM2110
A2-07;03/05/2024;10h00;12h00;MHSE2212
A2-07;06/05/2024;08h00;12h00;MHSE2210
A2-07;07/05/2024;08h00;12h00;MHSE2210
A2-07;13/05/2024;13h30;17h30;MHSE2210
A2-07;15/05/2024;13h30;17h30;MHSE2210
A2-07;23/05/2024;08h00;12h00;MHSPPP6
A2-07;30/05/2024;10h00;12h00;BGIM2110
A2-07;04/06/2024;10h00;12h00;BGIM2110
A2-08;31/08/2023;09h00;11h30;
A2-08;05/09/2023;13h30;15h30;MHSE1005
A2-08;05/09/2023;15h30;17h30;MHSE1005
A2-08;08/09/2023;13h30;15h30;MHSE1005
A2-08;08/09/2023;15h30;17h30;MHSE1005
A2-08;11/09/2023;13h30;15h30;BHSE501
A2-08;11/09/2023;15h30;17h30;BHSE501
A2-08;12/09/2023;10h00;12h00;BHSE501
A2-08;12/09/2023;13h30;15h30;BHSE501
A2-08;14/09/2023;08h00;10h00;BHSE501
A2-08;14/09/2023;10h00;12h00;BHSE501
A2-08;15/09/2023;13h30;15h30;BHSE306
A2-08;15/09/2023;15h30;17h30;BHSE306
A2-08;19/09/2023;13h30;15h30;MHSSAE3
A2-08;19/09/2023;15h30;17h30;MHSSAE3
A2-08;22/09/2023;08h00;10h00;BHSE506
A2-08;22/09/2023;10h00;12h00;BHSE506
A2-08;25/09/2023;13h30;15h30;MHSE1005
A2-08;25/09/2023;15h30;17h30;MHSE1005
A2-08;26/09/2023;08h00;10h00;MHSE1005
A2-08;26/09/2023;10h00;12h00;MHSE1005
A2-08;29/09/2023;08h00;10h00;BHSE306
A2-08;29/09/2023;10h00;12h00;BHSE306
A2-08;02/10/2023;10h00;12h00;MHSE1005
A2-08;02/10/2023;13h30;15h30;MHSE1005
A2-08;03/10/2023;13h30;15h30;BHSE306
A2-08;03/10/2023;15h30;17h30;BHSE306
A2-08;04/10/2023;08h00;10h00;MHSE1317
A2-08;04/10/2023;10h00;12h00;MHSE1317
A2-08;04/10/2023;13h30;15h30;MHSE1004
A2-08;04/10/2023;15h30;17h30;MHSE1004
A2-08;05/10/2023;08h00;10h00;BHSE306
A2-08;05/10/2023;10h00;12h00;BHSE306
A2-08;06/10/2023;10h00;12h00;MHSE1005
A2-08;06/10/2023;13h30;15h30;MHSE1005
A2-08;10/10/2023;08h00;10h00;BHSE306
A2-08;10/10/2023;10h00;12h00;BHSE306
A2-08;10/10/2023;13h30;15h30;BHSE303
A2-08;10/10/2023;15h30;17h30;BHSE303
A2-08;11/10/2023;08h00;10h00;BHSE303
A2-08;11/10/2023;10h00;12h00;BHSE303
A2-08;13/10/2023;13h30;15h30;BHSE312
A2-08;13/10/2023;15h30;17h30;BHSE312
A2-08;16/10/2023;08h00;10h00;BHSE311
A2-08;17/10/2023;09h00;10h00;BHSAE304
A2-08;18/10/2023;08h00;10h00;MHSE1004
A2-08;19/10/2023;08h00;10h00;BHSE303
A2-08;19/10/2023;10h00;12h00;BHSE303
A2-08;19/10/2023;13h30;15h30;
A2-08;20/10/2023;13h30;15h30;BHSE303
A2-08;20/10/2023;15h30;17h30;BHSE303
A2-08;13/11/2023;13h30;15h30;BHSE311
A2-08;14/11/2023;08h00;10h00;BHSE303
A2-08;14/11/2023;10h00;12h00;BHSE303
A2-08;14/11/2023;13h30;15h30;BHSE309
A2-08;14/11/2023;15h30;17h30;MHSE1318
A2-08;15/11/2023;08h00;10h00;BHSE309
A2-08;15/11/2023;10h00;12h00;BHSE309
A2-08;15/11/2023;13h30;15h30;BHSE312
A2-08;15/11/2023;15h30;17h30;BHSE312
A2-08;17/11/2023;08h00;10h00;BHSE311
A2-08;17/11/2023;10h00;12h00;BHSE311
A2-08;17/11/2023;13h30;17h30;MHSEPPP1
A2-08;20/11/2023;10h00;12h00;BHSE507
A2-08;20/11/2023;15h30;17h30;BHSE507
A2-08;01/12/2023;08h00;10h00;BHSE303
A2-08;01/12/2023;10h00;12h00;BHSE303
A2-08;01/12/2023;13h30;15h30;BHSE303
A2-08;01/12/2023;15h30;17h30;BHSE303
A2-08;04/12/2023;13h30;15h30;BHSE303
A2-08;04/12/2023;15h30;17h30;BHSE303
A2-08;05/12/2023;13h30;15h30;BHSE303
A2-08;05/12/2023;15h30;17h30;BHSE303
A2-08;11/12/2023;08h00;10h00;BHSAE501
A2-08;11/12/2023;10h00;12h00;BHSAE501
A2-08;11/12/2023;13h30;15h30;BHSAE501
A2-08;11/12/2023;15h30;17h30;BHSAE501
A2-08;19/12/2023;08h00;10h00;MHSSAE3
A2-08;19/12/2023;10h00;12h00;MHSSAE3
A2-08;19/12/2023;13h30;15h30;MHSSAE3
A2-08;19/12/2023;15h30;17h30;MHSSAE3
A2-08;08/01/2024;10h00;12h00;MHSE2005
A2-08;08/01/2024;13h30;15h30;MHSE2005
A2-08;08/01/2024;15h30;17h30;MHSE2308
A2-08;09/01/2024;13h30;15h30;MHSE2308
A2-08;09/01/2024;15h30;17h30;MHSE2005
A2-08;11/01/2024;08h00;10h00;MHSE2005
A2-08;11/01/2024;10h00;12h00;MHSE2005
A2-08;12/01/2024;13h15;15h15;BHSAE402
A2-08;12/01/2024;15h15;17h15;BHSAE402
A2-08;15/01/2024;08h00;10h00;MHSAE7
A2-08;15/01/2024;10h00;12h00;MHSAE7
A2-08;15/01/2024;13h30;15h30;MHSAE7
A2-08;15/01/2024;15h30;17h30;MHSAE7
A2-08;17/01/2024;08h00;10h00;BHSE401
A2-08;17/01/2024;10h00;12h00;BHSE401
A2-08;18/01/2024;13h30;17h30;
A2-08;22/01/2024;13h30;15h30;BHSE401
A2-08;24/01/2024;08h00;10h00;MHSE2004
A2-08;24/01/2024;10h00;12h00;BHSE406
A2-08;25/01/2024;13h30;17h30;
A2-08;26/01/2024;08h00;12h00;
A2-08;26/01/2024;13h30;15h30;
A2-08;29/01/2024;08h00;12h00;
A2-08;29/01/2024;13h30;15h30;MHSE2309
A2-08;29/01/2024;15h30;17h30;MHSE2004
A2-08;30/01/2024;13h30;15h30;MHSE2005
A2-08;30/01/2024;15h30;17h30;MHSE2005
A2-08;01/02/2024;08h00;10h00;MHSE2005
A2-08;01/02/2024;10h00;12h00;MHSE2005
A2-08;01/02/2024;10h00;12h00;MHSE2005
A2-08;01/02/2024;10h00;17h30;BHSAE601
A2-08;01/02/2024;10h00;12h00;BHSAE601
A2-08;01/02/2024;10h00;17h30;BHSAE601
A2-08;13/02/2024;13h30;15h30;MHSE2004
A2-08;13/02/2024;15h30;17h30;MHSE2004
A2-08;14/02/2024;10h00;12h00;BHS606
A2-08;15/02/2024;08h00;12h00;
A2-08;05/03/2024;13h30;15h30;BHSE401
A2-08;05/03/2024;15h30;17h30;BHSE401
A2-08;06/03/2024;13h30;15h30;MHSE2309
A2-08;13/03/2024;08h00;10h00;MHSE2003
A2-08;13/03/2024;10h00;12h00;BHSAE401
A2-08;15/03/2024;13h30;15h30;MHSE2210
A2-08;19/03/2024;08h00;10h00;BHSAE401
A2-08;19/03/2024;10h00;12h00;BHSAE401
A2-08;20/03/2024;15h30;17h30;MHSE2210
A2-08;21/03/2024;13h30;16h30;
A2-08;27/03/2024;10h00;12h00;MHSE2308
A2-08;04/04/2024;08h00;10h00;MHSAE7
A2-08;30/04/2024;08h00;10h00;MHSE2311
A2-08;30/04/2024;10h00;12h00;MHSE2311
A2-08;03/05/2024;08h00;10h00;MHSE2311
A2-08;03/05/2024;10h00;12h00;MHSE2311
A2-08;15/05/2024;08h00;10h00;MHSE2311
A2-08;15/05/2024;10h00;12h00;MHSE2311
A2-08;17/05/2024;08h00;10h00;MHSE2311
A2-08;17/05/2024;10h00;12h00;MHSE2311
A2-08;03/06/2024;08h00;12h00;
A2-08;03/06/2024;13h30;17h30;
A2-08;10/06/2024;08h00;17h30;MHSSAE1
A2-08;10/06/2024;08h00;17h30;
A2-08;24/06/2024;08h00;17h30;
A2-08;25/06/2024;13h30;16h30;
A3-14;04/09/2023;13h30;14h30;MHSE1411
A3-14;04/09/2023;14h30;15h30;MHSE1411
A3-14;07/09/2023;08h00;10h00;MHSSAE1
A3-14;07/09/2023;10h00;12h00;MHSSAE1
A3-14;20/09/2023;08h00;12h00;BHSE301
A3-14;09/10/2023;13h30;15h30;MHSSAE3
A3-14;11/10/2023;13h30;15h30;MHSSAE2
A3-14;11/10/2023;15h30;17h30;MHSSAE2
A3-14;26/10/2023;08h00;10h00;BHSAE301
A3-14;26/10/2023;10h00;12h00;BHSAE301
A3-14;27/10/2023;15h30;17h30;BHSAE301
A3-14;06/11/2023;08h00;10h00;MHSSAE3
A3-14;06/11/2023;10h00;12h00;MHSSAE3
A3-14;06/11/2023;13h30;15h30;MHSSAE3
A3-14;06/11/2023;15h30;17h30;MHSSAE3
A3-14;07/11/2023;08h00;10h00;MHSSAE2
A3-14;07/11/2023;10h00;12h00;MHSSAE2
A3-14;07/11/2023;13h30;15h30;MHSSAE2
A3-14;07/11/2023;15h30;17h30;MHSSAE2
A3-14;08/11/2023;08h00;10h00;MHSSAE2
A3-14;08/11/2023;10h00;12h00;MHSSAE2
A3-14;09/11/2023;08h00;10h00;MHSSAE2
A3-14;09/11/2023;10h00;12h00;MHSSAE2
A3-14;10/11/2023;08h00;10h00;MHSSAE2
A3-14;10/11/2023;10h00;12h00;MHSSAE2
A3-14;13/11/2023;15h30;17h30;MHSSAE2
A3-14;22/11/2023;08h00;12h00;BHSE504
A3-14;30/11/2023;08h00;10h00;MHSSAE41
A3-14;30/11/2023;10h00;12h00;MHSSAE41
A3-14;08/12/2023;08h00;10h00;MHSSAE3
A3-14;08/12/2023;10h00;12h00;MHSSAE3
A3-14;08/12/2023;13h30;15h30;MHSSAE3
A3-14;08/12/2023;15h30;17h30;MHSSAE3
A3-14;11/12/2023;15h30;17h30;BHSE310
A3-14;17/01/2024;13h30;17h30;BGIM1102
A3-14;18/01/2024;08h00;10h00;MHSAE6
A3-14;19/01/2024;15h30;16h30;MHSE2006
A3-14;23/01/2024;10h00;12h00;BHSE405
A3-14;31/01/2024;19h30;21h30;BHS605
A3-14;05/02/2024;10h00;12h00;BHSAE401
A3-14;05/02/2024;13h30;15h30;BHSPOR6
A3-14;05/02/2024;15h30;17h30;BHSPOR6
A3-14;06/02/2024;08h00;10h00;BHSE406
A3-14;06/02/2024;15h30;17h30;MHSAE201
A3-14;07/02/2024;15h30;17h30;MHSAE8
A3-14;09/02/2024;08h00;12h00;BHSE405
A3-14;16/02/2024;13h30;17h30;BHSAE601
A3-14;04/03/2024;08h00;12h00;BHSE402
A3-14;05/03/2024;08h00;12h00;BHSE402
A3-14;11/03/2024;13h30;15h30;MHSAE7
A3-14;12/03/2024;08h00;10h00;BHSE405
A3-14;12/03/2024;10h00;12h00;BHSE405
A3-14;12/03/2024;13h30;15h30;BHSE405
A3-14;14/03/2024;08h00;10h00;MHSAE7
A3-14;22/03/2024;10h00;12h00;MHSAE7
A3-14;10/04/2024;10h00;12h00;MHSAE8
A3-15;12/09/2023;13h30;15h30;BGIM1109
A3-15;20/09/2023;15h30;17h30;MHSSAE41
A3-15;21/09/2023;08h00;10h00;MHSSAE41
A3-15;21/09/2023;10h00;12h00;BHSAE501
A3-15;09/10/2023;13h30;15h30;MHSEPPP1
A3-15;09/10/2023;15h30;17h30;MHSEPPP1
A3-15;10/10/2023;13h30;15h30;BGIM1109
A3-15;13/10/2023;08h00;10h00;MHSSAE41
A3-15;13/10/2023;10h00;12h00;MHSSAE41
A3-15;24/10/2023;08h00;10h00;MHSE1009
A3-15;26/10/2023;10h00;12h00;BGIM1111
A3-15;13/11/2023;13h30;17h30;BHSE504
A3-15;14/11/2023;13h30;15h30;MHSSAE2
A3-15;14/11/2023;15h30;17h30;MHSSAE2
A3-15;20/11/2023;08h00;10h00;MHSE1411
A3-15;20/11/2023;10h00;12h00;MHSE1411
A3-15;20/11/2023;13h30;17h30;BHSE504
A3-15;21/11/2023;08h00;12h00;BHSE504
A3-15;21/11/2023;13h30;17h30;BHSE504
A3-15;28/11/2023;08h00;12h00;BHSE504
A3-15;28/11/2023;13h30;15h30;BHSE310
A3-15;08/01/2024;13h30;15h30;BGIM11AE
A3-15;12/01/2024;15h30;16h30;MHSE2006
A3-15;16/01/2024;13h30;15h30;MHSAE7
A3-15;17/01/2024;08h00;12h00;MHSPOR1
A3-15;19/01/2024;08h00;10h00;BHSAE403
A3-15;19/01/2024;10h00;12h00;BHSAE403
A3-15;30/01/2024;08h00;10h00;BHS605
A3-15;30/01/2024;08h00;10h00;BHS605
A3-15;30/01/2024;08h00;17h30;MHSSAE3
A3-15;30/01/2024;08h00;10h00;MHSSAE3
A3-15;30/01/2024;10h00;12h00;BHS605
A3-15;07/02/2024;08h00;10h00;MHSAE8
A3-15;07/02/2024;13h30;15h30;BHS602
A3-15;12/02/2024;10h00;12h00;BHS602
A3-15;12/02/2024;13h30;17h30;BHSE405
A3-15;13/02/2024;15h30;17h30;BHSE405
A3-15;04/03/2024;13h30;17h30;BHSE402
A3-15;05/03/2024;13h30;16h30;MHSE2001
A3-15;06/03/2024;15h30;17h30;MHSE2308
A3-15;08/03/2024;13h30;16h30;MHSE2001
A3-15;11/03/2024;13h30;15h30;MHSAE8
A3-15;11/03/2024;15h30;17h30;MHSAE8
A3-15;12/03/2024;08h00;10h00;MHSAE7
A3-15;12/03/2024;10h00;12h00;MHSAE7
A3-15;25/03/2024;13h30;16h30;MHSE2001
A3-15;10/04/2024;08h00;10h00;MHSAE201
A3-15;11/04/2024;10h00;12h00;MHSAE201
A3-15;14/05/2024;13h30;17h30;MHSE2210
A3-17;26/10/2023;13h30;15h30;
A3-17;25/06/2024;08h00;12h00;
B0-01;28/08/2023;09h00;12h00;
B0-01;30/08/2023;13h30;16h30;
B0-01;05/09/2023;08h00;10h00;MHSE1005
B0-01;05/09/2023;10h00;12h00;MHSE1006
B0-01;08/09/2023;08h00;10h00;MHSE1005
B0-01;08/09/2023;10h00;12h00;MHSE1004
B0-01;08/09/2023;15h30;17h30;BHSE301
B0-01;11/09/2023;09h00;10h00;
B0-01;11/09/2023;10h00;12h00;BHSE501
B0-01;12/09/2023;08h00;10h00;BHSE501
B0-01;13/09/2023;08h00;10h00;MHSE1005
B0-01;13/09/2023;10h00;12h00;BHSE306
B0-01;14/09/2023;17h00;19h00;
B0-01;21/09/2023;08h00;10h00;BHSE501
B0-01;25/09/2023;08h00;10h00;MHSE1005
B0-01;25/09/2023;10h00;12h00;MHSE1006
B0-01;26/09/2023;16h00;18h00;
B0-01;27/09/2023;08h00;10h00;BHSE501
B0-01;27/09/2023;10h00;12h00;MHSE1005
B0-01;28/09/2023;08h00;10h00;MHSE1005
B0-01;28/09/2023;10h00;12h00;BHSE306
B0-01;02/10/2023;08h00;10h00;MHSE1005
B0-01;03/10/2023;08h00;10h00;BHSE306
B0-01;03/10/2023;10h00;12h00;BHSE302
B0-01;06/10/2023;08h00;10h00;MHSE1005
B0-01;06/10/2023;15h30;16h30;MHSE1003
B0-01;06/10/2023;16h30;17h30;MHSE1001
B0-01;11/10/2023;14h30;15h30;BHSE502
B0-01;12/10/2023;08h00;10h00;MHSE1005
B0-01;12/10/2023;10h00;12h00;BHSE306
B0-01;13/10/2023;08h00;10h00;BHSE302
B0-01;19/10/2023;13h30;17h30;
B0-01;20/10/2023;08h00;09h00;BHSE503
B0-01;20/10/2023;09h00;10h00;BHS603
B0-01;23/10/2023;08h00;10h00;BHSE310
B0-01;27/10/2023;08h00;09h00;BHSE302
B0-01;30/11/2023;08h00;09h00;BHSE502
B0-01;30/11/2023;10h00;12h00;BHSAE602
B0-01;04/12/2023;10h00;12h00;BHSE506
B0-01;04/12/2023;13h30;16h30;BHSAE602
B0-01;04/12/2023;16h30;17h30;BHSAE602
B0-01;06/12/2023;13h30;15h30;MHSE1210
B0-01;07/12/2023;09h00;10h00;MHSE1003
B0-01;12/12/2023;13h30;15h30;BHSE303
B0-01;12/12/2023;15h30;17h30;BHSE305
B0-01;15/12/2023;10h00;11h00;BHSE503
B0-01;20/12/2023;08h00;10h00;MHSE1318
B0-01;20/12/2023;10h00;12h00;MHSE1317
B0-01;21/12/2023;08h00;10h00;MHSE1004
B0-01;22/12/2023;08h00;10h00;MHSE1006
B0-01;08/01/2024;08h00;10h00;MHSE2005
B0-01;09/01/2024;08h00;10h00;MHSE2005
B0-01;09/01/2024;10h00;11h00;MHSE2004
B0-01;12/01/2024;11h00;12h00;MHSE2001
B0-01;16/01/2024;13h30;15h30;BHSE402
B0-01;19/01/2024;15h30;16h30;BHSE404
B0-01;22/01/2024;08h00;10h00;BHSE402
B0-01;23/01/2024;08h00;10h00;MHSE2005
B0-01;26/01/2024;08h00;10h00;MHSE2005
B0-01;30/01/2024;08h00;10h00;MHSE2005
B0-01;09/02/2024;13h30;15h30;BHS602
B0-01;09/02/2024;15h30;16h30;BHSE602
B0-01;14/02/2024;10h00;12h00;MHSE2007
B0-01;16/02/2024;08h00;10h00;MHSE2007
B0-01;16/02/2024;10h00;12h00;BHS606
B0-01;08/03/2024;13h30;14h30;BHSE404
B0-01;15/03/2024;08h00;10h00;MHSE2007
B0-01;19/03/2024;13h30;14h30;
B0-01;19/03/2024;14h30;16h30;BHSE401
B0-01;03/05/2024;13h30;15h30;MHSE2004
B0-01;03/05/2024;15h30;17h30;MHSE2210
B0-03;28/08/2023;09h00;12h00;
B0-03;28/08/2023;13h30;16h30;
B0-03;05/09/2023;08h00;12h00;
B0-03;05/09/2023;13h30;17h30;
B0-03;06/09/2023;08h00;12h00;
B0-03;06/09/2023;13h30;17h30;
B0-03;08/09/2023;10h00;11h00;BHSAE304
B0-03;08/09/2023;13h30;15h30;BGIM1101
B0-03;11/09/2023;10h00;12h00;BGIM1104
B0-03;11/09/2023;13h30;15h30;BGIM3111
B0-03;12/09/2023;15h30;17h30;BGIM1110
B0-03;13/09/2023;08h00;10h00;BGIM1108
B0-03;13/09/2023;10h00;12h00;BGIM1108
B0-03;13/09/2023;13h30;15h30;BGIM1101
B0-03;14/09/2023;10h00;12h00;BGIM31AE
B0-03;15/09/2023;08h00;10h00;BGIM1104
B0-03;15/09/2023;10h00;12h00;BGIM1105
B0-03;15/09/2023;13h30;15h30;BGIM3101
B0-03;18/09/2023;13h30;15h30;BGIM1104
B0-03;19/09/2023;08h00;10h00;BGIM2111
B0-03;19/09/2023;10h00;12h00;BGIM3113
B0-03;19/09/2023;15h30;17h30;BGIM3107
B0-03;20/09/2023;11h00;12h00;BGIM31AE
B0-03;20/09/2023;13h30;15h30;BGIM3110
B0-03;20/09/2023;15h30;17h30;BGIM3101
B0-03;21/09/2023;08h00;10h00;BGIM1104
B0-03;21/09/2023;10h00;12h00;BGIM4110
B0-03;22/09/2023;08h00;10h00;BGIM1105
B0-03;25/09/2023;08h00;10h00;BGIM3107
B0-03;25/09/2023;10h00;12h00;BGIM1104
B0-03;26/09/2023;08h00;10h00;BGIM31AE
B0-03;26/09/2023;13h30;15h30;BGIM3101
B0-03;26/09/2023;15h30;17h30;BGIM3104
B0-03;27/09/2023;08h00;10h00;BGIM3105
B0-03;27/09/2023;15h30;17h30;BGIM3110
B0-03;28/09/2023;10h00;12h00;BGIM4110
B0-03;29/09/2023;13h30;15h30;BGIM3101
B0-03;02/10/2023;08h00;09h00;BGIM11AE
B0-03;02/10/2023;09h00;10h00;BGIM1106
B0-03;02/10/2023;10h00;12h00;BGIM1104
B0-03;03/10/2023;08h00;10h00;BGIM2111
B0-03;03/10/2023;10h00;12h00;BGIM1104
B0-03;03/10/2023;13h30;15h30;BHSE504
B0-03;04/10/2023;10h00;12h00;BGIM1108
B0-03;09/10/2023;13h30;15h30;BGIM1104
B0-03;10/10/2023;08h00;10h00;BGIM1110
B0-03;11/10/2023;08h00;10h00;BGIM31AE
B0-03;11/10/2023;10h00;12h00;BHSAE502
B0-03;11/10/2023;13h30;15h30;BGIM1108
B0-03;11/10/2023;15h30;17h30;BGIM31AE
B0-03;13/10/2023;08h00;10h00;BGIM1106
B0-03;13/10/2023;13h30;15h30;BHSAE302
B0-03;16/10/2023;08h00;10h00;BGIM1104
B0-03;16/10/2023;13h30;15h30;BGIM3107
B0-03;16/10/2023;15h30;17h30;BGIM3109
B0-03;18/10/2023;08h00;10h00;BGIM1101
B0-03;18/10/2023;13h30;15h30;BGIM3105
B0-03;19/10/2023;13h30;17h30;
B0-03;20/10/2023;08h00;10h00;BGIM1106
B0-03;20/10/2023;13h30;15h30;BGIM1106
B0-03;23/10/2023;08h00;10h00;BGIM1104
B0-03;23/10/2023;13h30;15h30;BGIM31AE
B0-03;08/11/2023;16h30;17h30;BGIM3110
B0-03;13/11/2023;10h00;12h00;BGIM3101
B0-03;13/11/2023;13h30;15h30;BGIM3109
B0-03;17/11/2023;08h00;10h00;BHSE502
B0-03;20/11/2023;13h30;17h30;BHSAE501
B0-03;28/11/2023;13h30;15h30;BGIM1106
B0-03;01/12/2023;15h30;17h30;BGIM1106
B0-03;05/12/2023;13h30;15h30;BGIM1103
B0-03;08/12/2023;08h00;10h00;BGIM1106
B0-03;08/12/2023;13h30;14h30;BGIM3108
B0-03;08/12/2023;14h30;15h30;BGIM31AE
B0-03;11/12/2023;08h00;10h00;BGIM1103
B0-03;11/12/2023;14h30;15h30;BHSE305
B0-03;11/12/2023;15h30;17h30;BGIM2112
B0-03;08/01/2024;10h00;12h00;BGIM3101
B0-03;09/01/2024;13h30;15h30;MHSE2005
B0-03;12/01/2024;13h30;15h30;BGIM2105
B0-03;12/01/2024;15h30;17h30;BGIM4105
B0-03;15/01/2024;10h00;12h00;BGIM4103
B0-03;16/01/2024;08h00;10h00;MHSAE8
B0-03;16/01/2024;15h30;17h30;BGIM4101
B0-03;22/01/2024;13h30;15h30;BGIM2104
B0-03;25/01/2024;08h00;10h00;MHSE2006
B0-03;01/02/2024;08h00;09h00;BGIM2109
B0-03;02/02/2024;13h30;15h30;MHSE2006
B0-03;06/03/2024;13h30;15h30;BGIM2104
B0-03;08/03/2024;08h00;10h00;BGIM2107
B0-03;08/03/2024;10h00;12h00;BGIM2101
B0-03;08/03/2024;15h30;17h30;BGIM21AE
B0-03;18/03/2024;08h00;10h00;BGIM21AE
B0-03;18/03/2024;10h00;12h00;BGIM2103
B0-03;18/03/2024;13h30;15h30;BGIM2107
B0-03;20/03/2024;08h00;10h00;BGIM4101
B0-03;21/03/2024;11h00;12h00;BGIM2101
B0-03;26/03/2024;13h30;15h30;BGIM2103
B0-03;27/03/2024;13h30;15h30;BGIM4103
B0-03;28/03/2024;10h00;12h00;BGIM2101
B0-03;28/03/2024;10h00;12h00;BGIM2101
B0-03;28/03/2024;10h00;15h30;BHSAE401
B0-03;30/04/2024;15h30;17h30;MHSE2212
B0-03;02/05/2024;08h00;10h00;BGIM21PF
B0-03;03/05/2024;08h00;10h00;MHSE2212
B0-03;07/05/2024;10h00;12h00;BGIM2104
B0-03;10/05/2024;13h30;15h30;BGIM2107
B0-03;10/05/2024;15h30;17h30;BGIM2107
B0-03;13/05/2024;11h00;12h00;BGIM21AE
B0-03;14/05/2024;10h00;12h00;BGIM2110
B0-03;21/05/2024;10h00;12h00;BGIM2108
B0-03;23/05/2024;08h00;10h00;BGIM2107
B0-03;24/05/2024;13h30;15h30;BGIM21AE
B0-03;28/05/2024;08h00;10h00;BGIM1110
B0-03;05/06/2024;10h00;12h00;BGIM21AE
B0-03;06/06/2024;10h00;12h00;BGIM2110
B0-23;04/09/2023;11h00;12h00;BGIM11AE
B0-23;19/09/2023;08h00;12h00;BHSE301
B0-23;19/09/2023;13h30;17h30;BHSE310
B0-23;20/09/2023;15h30;17h30;MHSSAE41
B0-23;21/09/2023;08h00;10h00;MHSSAE41
B0-23;21/09/2023;10h00;12h00;MHSSAE41
B0-23;26/09/2023;08h00;12h00;BHSE310
B0-23;29/09/2023;13h30;15h30;MHSSAE3
B0-23;29/09/2023;15h30;17h30;MHSSAE3
B0-23;10/10/2023;08h00;10h00;MHSSAE2
B0-23;10/10/2023;10h00;12h00;MHSSAE2
B0-23;11/10/2023;08h00;10h00;MHSSAE3
B0-23;11/10/2023;10h00;12h00;MHSSAE3
B0-23;17/10/2023;08h00;10h00;MHSSAE2
B0-23;17/10/2023;13h30;17h30;MHSE1005
B0-23;20/10/2023;08h00;12h00;BHSAE301
B0-23;23/10/2023;13h30;17h30;MHSE1002
B0-23;24/10/2023;08h00;12h00;MHSE1002
B0-23;24/10/2023;13h30;17h30;MHSE1002
B0-23;06/11/2023;08h00;10h00;MHSEPPP1
B0-23;06/11/2023;10h00;12h00;MHSEPPP1
B0-23;08/11/2023;13h30;15h30;MHSE1210
B0-23;08/11/2023;15h30;17h30;MHSE1210
B0-23;10/11/2023;13h30;15h30;MHSSAE2
B0-23;10/11/2023;15h30;17h30;MHSSAE2
B0-23;13/11/2023;08h00;10h00;MHSSAE2
B0-23;21/11/2023;13h30;15h30;BGIM1101
B0-23;22/11/2023;13h30;15h30;MHSE1210
B0-23;22/11/2023;15h30;17h30;MHSE1210
B0-23;24/11/2023;08h00;10h00;MHSE1411
B0-23;24/11/2023;10h00;12h00;MHSE1411
B0-23;24/11/2023;13h30;15h30;MHSE1411
B0-23;24/11/2023;15h30;17h30;MHSE1411
B0-23;27/11/2023;08h00;10h00;MHSSAE2
B0-23;27/11/2023;13h30;15h30;MHSSAE1
B0-23;27/11/2023;15h30;17h30;MHSSAE1
B0-23;28/11/2023;08h00;10h00;MHSSAE3
B0-23;28/11/2023;10h00;12h00;MHSSAE3
B0-23;28/11/2023;13h30;15h30;MHSSAE3
B0-23;28/11/2023;15h30;17h30;MHSSAE3
B0-23;29/11/2023;13h30;15h30;MHSSAE3
B0-23;29/11/2023;15h30;17h30;MHSSAE3
B0-23;04/12/2023;13h30;15h30;BGIM31AE
B0-23;11/12/2023;08h00;10h00;BHSE310
B0-23;11/12/2023;10h00;12h00;BHSE310
B0-23;15/12/2023;08h00;10h00;MHSE1411
B0-23;15/12/2023;10h00;12h00;MHSE1411
B0-23;15/12/2023;13h30;15h30;MHSE1411
B0-23;15/12/2023;15h30;17h30;MHSE1411
B0-23;10/01/2024;08h00;10h00;MHSPOR1
B0-23;10/01/2024;10h00;12h00;MHSPOR1
B0-23;12/01/2024;08h00;10h00;BHSPOR4
B0-23;12/01/2024;10h00;12h00;BHSPOR4
B0-23;12/01/2024;13h30;14h30;MHSE2006
B0-23;12/01/2024;14h30;15h30;MHSE2006
B0-23;16/01/2024;08h00;12h00;MHSPOR1
B0-23;17/01/2024;13h30;17h30;MHSPOR1
B0-23;18/01/2024;10h00;12h00;MHSAE6
B0-23;19/01/2024;13h30;15h30;BHSE406
B0-23;22/01/2024;08h00;10h00;MHSPPP6
B0-23;22/01/2024;10h00;12h00;MHSPPP6
B0-23;22/01/2024;15h30;17h30;BGIM2101
B0-23;23/01/2024;10h00;12h00;BHSE406
B0-23;26/01/2024;13h30;15h30;BGIM2101
B0-23;31/01/2024;08h00;10h00;BHSPOR6
B0-23;31/01/2024;10h00;12h00;BHSPOR6
B0-23;02/02/2024;08h00;10h00;BHSAE401
B0-23;02/02/2024;10h00;12h00;BHSAE401
B0-23;05/02/2024;08h00;10h00;BHSPOR6
B0-23;05/02/2024;10h00;12h00;BHSPOR6
B0-23;05/02/2024;13h30;15h30;MHSAE201
B0-23;06/02/2024;08h00;10h00;MHSAE201
B0-23;06/02/2024;10h00;12h00;MHSAE201
B0-23;06/02/2024;15h30;17h30;MHSAE201
B0-23;07/02/2024;08h00;10h00;BHS602
B0-23;07/02/2024;10h00;12h00;BHS602
B0-23;08/02/2024;08h00;10h00;MHSAE201
B0-23;08/02/2024;10h00;12h00;MHSAE201
B0-23;09/02/2024;10h00;12h00;BHS602
B0-23;12/02/2024;08h00;10h00;BHS602
B0-23;12/02/2024;13h30;17h30;BHSAE601
B0-23;13/02/2024;10h00;12h00;BHS602
B0-23;13/02/2024;13h30;17h30;BHSE405
B0-23;16/02/2024;15h30;17h30;MHSAE201
B0-23;04/03/2024;08h00;10h00;BHSE405
B0-23;04/03/2024;10h00;12h00;BHSE405
B0-23;04/03/2024;13h30;15h30;BGIM2101
B0-23;04/03/2024;15h30;17h30;BHSE405
B0-23;06/03/2024;15h30;17h30;BGIM2101
B0-23;07/03/2024;09h00;12h00;MHSE2001
B0-23;08/03/2024;08h00;10h00;MHSE2308
B0-23;08/03/2024;10h00;12h00;MHSE2308
B0-23;08/03/2024;13h30;15h30;BGIM2107
B0-23;11/03/2024;10h00;12h00;MHSAE6
B0-23;12/03/2024;08h00;10h00;MHSAE201
B0-23;12/03/2024;10h00;12h00;MHSAE201
B0-23;12/03/2024;13h30;15h30;MHSAE201
B0-23;12/03/2024;15h30;17h30;MHSAE201
B0-23;14/03/2024;08h00;10h00;BGIM11AE
B0-23;20/03/2024;08h00;10h00;MHSPPP6
B0-23;28/03/2024;08h00;10h00;MHSE2308
B0-23;02/04/2024;13h30;15h30;BGIM21AE
B0-23;02/04/2024;15h30;17h30;BGIM21AE
B0-23;09/04/2024;08h00;10h00;MHSAE201
B0-23;09/04/2024;10h00;12h00;MHSAE201
B0-23;30/04/2024;13h30;17h30;BGIM2102
B0-23;06/05/2024;13h30;17h30;MHSE2210
B0-23;10/05/2024;08h00;12h00;BGIM2102
B0-23;15/05/2024;08h00;12h00;BGIM2108
B0-23;22/05/2024;08h00;12h00;BGIM2108
B0-23;24/05/2024;08h00;12h00;BGIM2102
B0-23;28/05/2024;13h30;15h30;BGIM2101
B0-23;29/05/2024;08h00;12h00;BGIM2108
B0-23;31/05/2024;08h00;12h00;BGIM2102
B0-23;03/06/2024;08h00;12h00;BGIM2102
B0-23;06/06/2024;08h00;10h00;BGIM21AE
B0-25;04/09/2023;09h00;11h00;
B0-25;06/09/2023;13h30;15h30;MHSE1001
B0-25;08/09/2023;08h00;09h00;BHSE301
B0-25;08/09/2023;13h30;14h30;BHSE301
B0-25;08/09/2023;14h30;15h30;BHSE301
B0-25;11/09/2023;08h00;10h00;BHSAE302
B0-25;11/09/2023;10h00;12h00;BHSAE302
B0-25;15/09/2023;13h30;15h30;BHSE305
B0-25;15/09/2023;15h30;17h30;BHSE305
B0-25;18/09/2023;13h30;15h30;BHSAE302
B0-25;18/09/2023;15h30;17h30;BHSAE302
B0-25;19/09/2023;10h00;12h00;BHSE504
B0-25;19/09/2023;13h30;15h30;BHSE507
B0-25;20/09/2023;10h00;12h00;BGIM1101
B0-25;22/09/2023;08h00;10h00;BHSE503
B0-25;22/09/2023;10h00;12h00;BHSE503
B0-25;26/09/2023;15h30;17h30;BHSE503
B0-25;27/09/2023;10h00;12h00;BGIM3101
B0-25;27/09/2023;13h30;15h30;BGIM1101
B0-25;28/09/2023;10h00;12h00;V1127V3
B0-25;28/09/2023;13h30;15h30;V1127V3
B0-25;29/09/2023;08h00;10h00;BHSE503
B0-25;29/09/2023;10h00;12h00;BHSE503
B0-25;03/10/2023;13h30;15h30;BHSE302
B0-25;03/10/2023;15h30;17h30;BHSE302
B0-25;05/10/2023;08h00;10h00;BHSE302
B0-25;05/10/2023;10h00;12h00;BHSE302
B0-25;06/10/2023;10h00;12h00;V1127V3
B0-25;06/10/2023;13h30;15h30;V1127V3
B0-25;09/10/2023;15h30;17h30;BGIM1101
B0-25;10/10/2023;15h30;17h30;BGIM3101
B0-25;17/10/2023;13h30;15h30;BGIM1104
B0-25;18/10/2023;08h00;10h00;BHSE309
B0-25;18/10/2023;10h00;12h00;BHSE309
B0-25;18/10/2023;13h30;15h30;MHSE1009
B0-25;18/10/2023;15h30;17h30;MHSE1009
B0-25;19/10/2023;13h30;17h30;
B0-25;20/10/2023;10h00;12h00;BHSE502
B0-25;20/10/2023;13h30;15h30;BHSE502
B0-25;23/10/2023;13h30;15h30;BHSE309
B0-25;23/10/2023;15h30;17h30;BHSE309
B0-25;25/10/2023;15h30;17h30;BGIM3101
B0-25;27/10/2023;15h30;17h30;BHSE311
B0-25;15/11/2023;08h00;10h00;BHSE309
B0-25;15/11/2023;10h00;12h00;BHSE309
B0-25;20/11/2023;08h00;10h00;BGIM1104
B0-25;22/11/2023;08h00;10h00;BHSE309
B0-25;22/11/2023;10h00;12h00;BHSE309
B0-25;27/11/2023;08h00;10h00;BHSE309
B0-25;27/11/2023;10h00;12h00;BHSE309
B0-25;27/11/2023;15h30;17h30;
B0-25;29/11/2023;08h00;10h00;BHSE309
B0-25;29/11/2023;10h00;12h00;BHSE309
B0-25;01/12/2023;08h00;10h00;MHSSAE2
B0-25;01/12/2023;10h00;12h00;MHSSAE2
B0-25;04/12/2023;13h30;15h30;MHSE1003
B0-25;14/12/2023;08h00;10h00;BGIM3103
B0-25;08/01/2024;10h00;12h00;BHSE403
B0-25;10/01/2024;08h00;10h00;BHSE403
B0-25;10/01/2024;10h00;12h00;BHSE403
B0-25;10/01/2024;13h30;15h30;BGIM4103
B0-25;10/01/2024;15h30;17h30;BGIM3104
B0-25;12/01/2024;08h00;10h00;BHSE403
B0-25;12/01/2024;10h00;12h00;BGIM2105
B0-25;16/01/2024;15h30;17h30;BHSE405
B0-25;17/01/2024;13h30;15h30;BHSE607
B0-25;19/01/2024;08h00;10h00;BGIM4101
B0-25;19/01/2024;15h30;17h30;MHSAE6
B0-25;24/01/2024;08h00;10h00;BHS602
B0-25;31/01/2024;08h00;10h00;BGIM2101
B0-25;31/01/2024;10h00;12h00;BGIM2104
B0-25;01/02/2024;17h45;20h45;BHSE403
B0-25;06/02/2024;08h00;10h00;BHS602
B0-25;07/02/2024;15h30;17h30;BHSAE402
B0-25;12/02/2024;15h30;17h30;MHSE2004
B0-25;13/02/2024;08h00;10h00;BHSE405
B0-25;11/03/2024;08h00;10h00;BGIM2107
B0-25;11/03/2024;10h00;12h00;BGIM2104
B0-25;28/03/2024;08h00;10h00;BGIM2103
B0-25;29/03/2024;10h00;12h00;BGIM4101
B0-25;29/03/2024;15h30;17h30;BGIM4103
B0-25;13/05/2024;10h00;12h00;MHSE2311
B0-25;05/06/2024;13h30;15h30;BGIM2101
B0-25;10/06/2024;08h00;17h30;
B0-25;24/06/2024;08h00;17h30;
B1-00;28/08/2023;13h30;16h30;
B1-00;29/08/2023;13h30;14h30;
B1-00;01/09/2023;09h00;12h00;
B1-00;04/09/2023;10h00;12h00;
B1-00;07/09/2023;08h30;12h00;
B1-00;13/09/2023;10h00;12h00;MHSE1006
B1-00;27/09/2023;10h00;12h00;BHSE608
B1-00;29/09/2023;13h30;15h30;BHS603
B1-00;11/10/2023;13h30;14h30;BHSE608
B1-00;12/10/2023;09h00;10h00;BHSE302
B1-00;24/10/2023;13h30;15h30;BHSE308
B1-00;08/11/2023;08h30;10h00;
B1-00;08/11/2023;10h00;12h00;
B1-00;16/11/2023;08h00;10h00;MHSE1009
B1-00;16/11/2023;10h00;11h00;MHSE1003
B1-00;30/11/2023;09h00;10h00;BHSE602
B1-00;07/12/2023;08h00;09h00;MHSE1003
B1-00;15/12/2023;13h30;14h30;BHSE307
B1-00;22/12/2023;10h00;12h00;BHSE309
B1-00;23/01/2024;08h00;10h00;BHSE402
B1-00;30/01/2024;10h00;11h00;MHSE2004
B1-00;09/02/2024;13h15;15h15;MHSE2005
B1-00;14/02/2024;08h00;10h00;MHSE2006
B1-00;16/02/2024;08h00;10h00;BHSE406
B1-00;06/03/2024;08h30;12h30;
B1-00;15/03/2024;08h00;10h00;BHSE405
B1-00;15/03/2024;10h00;12h00;MHSE2007
B1-00;05/04/2024;08h00;10h00;MHSE2001
B1-00;23/05/2024;13h00;15h00;
B1-00;23/05/2024;15h15;17h15;
B1-00;29/05/2024;09h00;10h00;
B1-00;29/05/2024;10h00;12h00;
B1-01;29/08/2023;13h30;14h30;
B1-01;04/09/2023;09h00;10h00;
B1-01;13/09/2023;08h00;10h00;BHSE302
B1-01;13/09/2023;10h00;12h00;BHSE608
B1-01;26/09/2023;13h30;16h30;V1119V3
B1-01;27/09/2023;08h00;10h00;MHSE1006
B1-01;28/09/2023;09h00;10h00;BHSE307
B1-01;12/10/2023;10h00;12h00;MHSE1001
B1-01;24/10/2023;15h30;17h30;BHSE305
B1-01;16/11/2023;11h00;12h00;MHSE1001
B1-01;28/11/2023;15h30;16h30;BHSE309
B1-01;08/12/2023;08h00;10h00;BHSE505
B1-01;12/12/2023;13h30;16h30;
B1-01;14/12/2023;10h00;12h00;BHSE505
B1-01;15/12/2023;08h00;10h00;BHSE507
B1-01;15/12/2023;11h00;12h00;BHSE501
B1-01;22/12/2023;08h00;10h00;BHSE311
B1-01;22/12/2023;10h00;12h00;BHSE309
B1-01;12/01/2024;08h00;10h00;MHSE2005
B1-01;12/01/2024;10h00;11h00;MHSE2001
B1-01;22/01/2024;08h00;10h00;BHS601
B1-01;26/01/2024;10h00;12h00;MHSE2007
B1-01;16/02/2024;08h00;10h00;BHS605
B1-01;16/02/2024;10h00;12h00;MHSE2308
B1-01;05/04/2024;10h00;12h00;MHSE2006
B1-01;24/05/2024;08h00;10h00;MHSE2001
B1-01;24/05/2024;10h00;12h00;MHSE2212
B1-01;04/06/2024;08h00;10h00;MHSE2311
B1-01;11/06/2024;08h00;10h00;MHSE2309
